id,herbal_id,nama_herbal_lain,efek,mekanisme
1,1,Kunyit,Sinergis (Meningkatkan efek perlindungan hati dan anti-peradangan).,Kurkuminoid pada kunyit dan xanthorrhizol pada temulawak bekerja bersama menghambat enzim COX-2 dan iNOS.
2,2,Lada Hitam,Sinergis Super (Meningkatkan penyerapan Curcumin hingga 2000%).,"Piperine dalam lada hitam menghambat enzim UDP-glukuronosiltransferase di hati dan usus, mencegah pemecahan curcumin sebelum diserap darah."
3,3,-,belum ada data yang ditemukan,belum ada data yang ditemukan
4,4,-,belum ada data yang ditemukan,belum ada data yang ditemukan
5,5,-,belum ada data yang ditemukan,belum ada data yang ditemukan
6,6,Brotowali,Risiko Toksisitas (Iritasi lambung berat dan hipoglikemia).,Penambahan efek penurunan gula darah yang terlalu kuat dan akumulasi zat pahit ekstrem (andrographolide + pikroretin) mengiritasi mukosa lambung.
7,7,-,belum ada data yang ditemukan,belum ada data yang ditemukan
8,8,Meniran,Sinergis (Efektif meluruhkan batu ginjal).,"Kumis kucing bertindak sebagai diuretik untuk membilas saluran kemih, sementara meniran mencegah kristalisasi kalsium oksalat baru."
9,9,-,belum ada data yang ditemukan,belum ada data yang ditemukan
10,10,-,belum ada data yang ditemukan,belum ada data yang ditemukan
11,11,-,belum ada data yang ditemukan,belum ada data yang ditemukan
12,12,-,belum ada data yang ditemukan,belum ada data yang ditemukan
13,13,Pinang,Risiko Karsinogenik (Penyebab Kanker Mulut).,"Jika dikunyah bersama kapur secara rutin (tradisi nyirih), alkaloid arecoline dari pinang dan fenol dari sirih memicu stres oksidatif kronis pada mukosa mulut."
14,14,-,belum ada data yang ditemukan,belum ada data yang ditemukan
15,15,-,belum ada data yang ditemukan,belum ada data yang ditemukan
16,16,-,belum ada data yang ditemukan,belum ada data yang ditemukan
17,17,Daun Dewa,Risiko Pendarahan (Bleeding).,Keduanya memiliki aktivitas antikoagulan dan antiplatelet yang sangat kuat. Jika digabung dapat memperpanjang waktu pendarahan secara bahaya.
18,18,-,belum ada data yang ditemukan,belum ada data yang ditemukan
19,19,-,belum ada data yang ditemukan,belum ada data yang ditemukan
20,20,-,belum ada data yang ditemukan,belum ada data yang ditemukan
21,21,-,belum ada data yang ditemukan,belum ada data yang ditemukan
22,22,-,belum ada data yang ditemukan,belum ada data yang ditemukan
23,23,-,belum ada data yang ditemukan,belum ada data yang ditemukan
24,24,Keji Beling,Sinergis (Penghancur batu ginjal kalsium).,"Kandungan kalium tinggi dari keduanya melancarkan diuresis, sementara silikat dari keji beling dan flavonoid tempuyung memecah ikatan batu kalsium oksalat."
25,25,-,belum ada data yang ditemukan,belum ada data yang ditemukan
26,26,-,belum ada data yang ditemukan,belum ada data yang ditemukan
27,27,-,belum ada data yang ditemukan,belum ada data yang ditemukan
28,28,-,belum ada data yang ditemukan,belum ada data yang ditemukan
29,29,-,belum ada data yang ditemukan,belum ada data yang ditemukan
30,30,-,belum ada data yang ditemukan,belum ada data yang ditemukan
31,31,Keladi Tikus,Sinergis (Terapi ajuvan antikanker).,"Acetogenin dari sirsak menyebabkan deplesi ATP pada mitokondria sel kanker, sementara Ribosome Inactivating Protein (RIP) dari keladi tikus merusak rantai RNA sel kanker mati."
32,32,-,belum ada data yang ditemukan,belum ada data yang ditemukan
33,33,-,belum ada data yang ditemukan,belum ada data yang ditemukan
34,34,-,belum ada data yang ditemukan,belum ada data yang ditemukan
35,35,-,belum ada data yang ditemukan,belum ada data yang ditemukan
36,36,-,belum ada data yang ditemukan,belum ada data yang ditemukan
37,37,-,belum ada data yang ditemukan,belum ada data yang ditemukan
38,38,-,belum ada data yang ditemukan,belum ada data yang ditemukan
39,39,-,belum ada data yang ditemukan,belum ada data yang ditemukan
40,40,-,belum ada data yang ditemukan,belum ada data yang ditemukan
41,41,-,belum ada data yang ditemukan,belum ada data yang ditemukan
42,42,Semua Herbal Berbasis Polifenol,Sinergis (Meningkatkan bioavailabilitas).,"Piperine memblokir enzim metabolisme dan transporter P-glycoprotein di usus, membuat senyawa dari herbal lain lebih mudah masuk ke peredaran darah."
43,43,-,belum ada data yang ditemukan,belum ada data yang ditemukan
44,44,-,belum ada data yang ditemukan,belum ada data yang ditemukan
45,45,-,belum ada data yang ditemukan,belum ada data yang ditemukan
46,46,Kemuning,Sinergis (Penurun berat badan/obesitas).,"Tanin pada jati belanda menghambat penyerapan nutrisi dan lemak di usus (astringen), sedangkan flavonoid kemuning memblokir kerja enzim lipase pankreas."
47,47,-,belum ada data yang ditemukan,belum ada data yang ditemukan
48,48,-,belum ada data yang ditemukan,belum ada data yang ditemukan
49,49,-,belum ada data yang ditemukan,belum ada data yang ditemukan
50,50,-,belum ada data yang ditemukan,belum ada data yang ditemukan
51,51,-,belum ada data yang ditemukan,belum ada data yang ditemukan
52,52,-,belum ada data yang ditemukan,belum ada data yang ditemukan
53,53,-,belum ada data yang ditemukan,belum ada data yang ditemukan
54,54,-,belum ada data yang ditemukan,belum ada data yang ditemukan
55,55,-,belum ada data yang ditemukan,belum ada data yang ditemukan
56,56,-,belum ada data yang ditemukan,belum ada data yang ditemukan
57,57,-,belum ada data yang ditemukan,belum ada data yang ditemukan
58,58,-,belum ada data yang ditemukan,belum ada data yang ditemukan
59,59,-,belum ada data yang ditemukan,belum ada data yang ditemukan
60,60,-,belum ada data yang ditemukan,belum ada data yang ditemukan
61,61,-,belum ada data yang ditemukan,belum ada data yang ditemukan
62,62,-,belum ada data yang ditemukan,belum ada data yang ditemukan
63,63,-,belum ada data yang ditemukan,belum ada data yang ditemukan
64,64,-,belum ada data yang ditemukan,belum ada data yang ditemukan
65,65,-,belum ada data yang ditemukan,belum ada data yang ditemukan
66,66,-,belum ada data yang ditemukan,belum ada data yang ditemukan
67,67,-,belum ada data yang ditemukan,belum ada data yang ditemukan
68,68,-,belum ada data yang ditemukan,belum ada data yang ditemukan
69,69,-,belum ada data yang ditemukan,belum ada data yang ditemukan
70,70,Sirih Hijau,Risiko Karsinogenik (Kanker Mulut).,Interaksi arecoline pinang dan minyak atsiri sirih menginduksi stres oksidatif pada sel squamosa jika dipakai rutin (mengunyah sirih/pinang).
71,71,-,belum ada data yang ditemukan,belum ada data yang ditemukan
72,72,-,belum ada data yang ditemukan,belum ada data yang ditemukan
73,73,-,belum ada data yang ditemukan,belum ada data yang ditemukan
74,74,-,belum ada data yang ditemukan,belum ada data yang ditemukan
75,75,-,belum ada data yang ditemukan,belum ada data yang ditemukan
76,76,-,belum ada data yang ditemukan,belum ada data yang ditemukan
77,77,-,belum ada data yang ditemukan,belum ada data yang ditemukan
78,78,-,belum ada data yang ditemukan,belum ada data yang ditemukan
79,79,-,belum ada data yang ditemukan,belum ada data yang ditemukan
80,80,-,belum ada data yang ditemukan,belum ada data yang ditemukan
81,81,-,belum ada data yang ditemukan,belum ada data yang ditemukan
82,82,-,belum ada data yang ditemukan,belum ada data yang ditemukan
83,83,-,belum ada data yang ditemukan,belum ada data yang ditemukan
84,84,-,belum ada data yang ditemukan,belum ada data yang ditemukan
85,85,-,belum ada data yang ditemukan,belum ada data yang ditemukan
86,86,-,belum ada data yang ditemukan,belum ada data yang ditemukan
87,87,-,belum ada data yang ditemukan,belum ada data yang ditemukan
88,88,-,belum ada data yang ditemukan,belum ada data yang ditemukan
89,89,-,belum ada data yang ditemukan,belum ada data yang ditemukan
90,90,-,belum ada data yang ditemukan,belum ada data yang ditemukan
91,91,-,belum ada data yang ditemukan,belum ada data yang ditemukan
92,92,-,belum ada data yang ditemukan,belum ada data yang ditemukan
93,93,-,belum ada data yang ditemukan,belum ada data yang ditemukan
94,94,Pare / Sambiloto,Risiko Hipoglikemia (Gula darah drop tajam).,Kombinasi herbal yang sama-sama memiliki sifat penurun glukosa darah kuat dapat memberikan efek penurunan aditif yang berbahaya tanpa pengawasan.
95,95,-,belum ada data yang ditemukan,belum ada data yang ditemukan
96,96,-,belum ada data yang ditemukan,belum ada data yang ditemukan
97,97,-,belum ada data yang ditemukan,belum ada data yang ditemukan
98,98,-,belum ada data yang ditemukan,belum ada data yang ditemukan
99,99,-,belum ada data yang ditemukan,belum ada data yang ditemukan
100,100,-,belum ada data yang ditemukan,belum ada data yang ditemukan
101,101,Ginseng (Panax ginseng),Sinergis (Meningkatkan kognitif) & Risiko Pendarahan.,"Keduanya melebarkan pembuluh darah otak dan memiliki sifat antiplatelet. Jika digabung, sirkulasi meningkat tajam namun waktu pembekuan darah memanjang."
102,102,-,belum ada data yang ditemukan,belum ada data yang ditemukan
103,103,-,belum ada data yang ditemukan,belum ada data yang ditemukan
104,104,-,belum ada data yang ditemukan,belum ada data yang ditemukan
105,105,-,belum ada data yang ditemukan,belum ada data yang ditemukan
106,106,-,belum ada data yang ditemukan,belum ada data yang ditemukan
107,107,-,belum ada data yang ditemukan,belum ada data yang ditemukan
108,108,Astragalus / Bawang Putih,Sinergis (Imunostimulan Kuat).,"Echinacea mengaktifkan makrofag, sementara Astragalus menstimulasi sel T. Kombinasi memicu respon imun non-spesifik yang sangat kuat terhadap infeksi ISPA."
109,109,-,belum ada data yang ditemukan,belum ada data yang ditemukan
110,110,-,belum ada data yang ditemukan,belum ada data yang ditemukan
111,111,-,belum ada data yang ditemukan,belum ada data yang ditemukan
112,112,Valerian / Passiflora,Risiko Sindrom Serotonin & Sedasi Berlebih.,"St. John's Wort menghambat reuptake serotonin, sementara Valerian menekan SSP via GABA. Kombinasi memicu sedasi berat dan potensi toksisitas serotonin."
113,113,-,belum ada data yang ditemukan,belum ada data yang ditemukan
114,114,-,belum ada data yang ditemukan,belum ada data yang ditemukan
115,115,-,belum ada data yang ditemukan,belum ada data yang ditemukan
116,116,-,belum ada data yang ditemukan,belum ada data yang ditemukan
117,117,-,belum ada data yang ditemukan,belum ada data yang ditemukan
118,118,-,belum ada data yang ditemukan,belum ada data yang ditemukan
119,119,-,belum ada data yang ditemukan,belum ada data yang ditemukan
120,120,-,belum ada data yang ditemukan,belum ada data yang ditemukan
121,121,-,belum ada data yang ditemukan,belum ada data yang ditemukan
122,122,Lada Hitam (Piperine) / Cabe,Sinergis (Termogenik & Bioenhancer).,"Piperine menghambat glukuronidasi EGCG (katekin teh hijau) di hati, meningkatkan kadar EGCG dalam darah dan efek pembakaran lemak secara drastis."
123,123,-,belum ada data yang ditemukan,belum ada data yang ditemukan
124,124,-,belum ada data yang ditemukan,belum ada data yang ditemukan
125,125,-,belum ada data yang ditemukan,belum ada data yang ditemukan
126,126,-,belum ada data yang ditemukan,belum ada data yang ditemukan
127,127,-,belum ada data yang ditemukan,belum ada data yang ditemukan
128,128,-,belum ada data yang ditemukan,belum ada data yang ditemukan
129,129,-,belum ada data yang ditemukan,belum ada data yang ditemukan
130,130,-,belum ada data yang ditemukan,belum ada data yang ditemukan
131,131,-,belum ada data yang ditemukan,belum ada data yang ditemukan
132,132,-,belum ada data yang ditemukan,belum ada data yang ditemukan
133,133,-,belum ada data yang ditemukan,belum ada data yang ditemukan
134,134,-,belum ada data yang ditemukan,belum ada data yang ditemukan
135,135,Bawang Putih,Sinergis (Antiplatelet Kuat).,"Quercetin pada bawang merah dan Allicin pada bawang putih bekerja di jalur berbeda untuk menghambat agregasi trombosit, sangat baik untuk mencegah stroke sumbatan."
136,136,-,belum ada data yang ditemukan,belum ada data yang ditemukan
137,137,-,belum ada data yang ditemukan,belum ada data yang ditemukan
138,138,-,belum ada data yang ditemukan,belum ada data yang ditemukan
139,139,-,belum ada data yang ditemukan,belum ada data yang ditemukan
140,140,-,belum ada data yang ditemukan,belum ada data yang ditemukan
141,141,-,belum ada data yang ditemukan,belum ada data yang ditemukan
142,142,-,belum ada data yang ditemukan,belum ada data yang ditemukan
143,143,-,belum ada data yang ditemukan,belum ada data yang ditemukan
144,144,-,belum ada data yang ditemukan,belum ada data yang ditemukan
145,145,-,belum ada data yang ditemukan,belum ada data yang ditemukan
146,146,-,belum ada data yang ditemukan,belum ada data yang ditemukan
147,147,-,belum ada data yang ditemukan,belum ada data yang ditemukan
148,148,-,belum ada data yang ditemukan,belum ada data yang ditemukan
149,149,-,belum ada data yang ditemukan,belum ada data yang ditemukan
150,150,-,belum ada data yang ditemukan,belum ada data yang ditemukan
151,151,-,belum ada data yang ditemukan,belum ada data yang ditemukan
152,152,-,belum ada data yang ditemukan,belum ada data yang ditemukan
153,153,-,belum ada data yang ditemukan,belum ada data yang ditemukan
154,154,-,belum ada data yang ditemukan,belum ada data yang ditemukan
155,155,Lidah Buaya (Lateks) / Klembak,Risiko Toksisitas (Hipokalemia & Diare Akut).,"Kombinasi sesama laksatif stimulan (antrakuinon) menyebabkan hiperperistaltik usus parah, dehidrasi, dan hilangnya kalium yang mengancam fungsi jantung."
156,156,-,belum ada data yang ditemukan,belum ada data yang ditemukan
157,157,-,belum ada data yang ditemukan,belum ada data yang ditemukan
158,158,-,belum ada data yang ditemukan,belum ada data yang ditemukan
159,159,-,belum ada data yang ditemukan,belum ada data yang ditemukan
160,160,-,belum ada data yang ditemukan,belum ada data yang ditemukan
161,161,-,belum ada data yang ditemukan,belum ada data yang ditemukan
162,162,-,belum ada data yang ditemukan,belum ada data yang ditemukan
163,163,-,belum ada data yang ditemukan,belum ada data yang ditemukan
164,164,-,belum ada data yang ditemukan,belum ada data yang ditemukan
165,165,-,belum ada data yang ditemukan,belum ada data yang ditemukan
166,166,-,belum ada data yang ditemukan,belum ada data yang ditemukan
167,167,-,belum ada data yang ditemukan,belum ada data yang ditemukan
168,168,-,belum ada data yang ditemukan,belum ada data yang ditemukan
169,169,-,belum ada data yang ditemukan,belum ada data yang ditemukan
170,170,-,belum ada data yang ditemukan,belum ada data yang ditemukan
171,171,-,belum ada data yang ditemukan,belum ada data yang ditemukan
172,172,-,belum ada data yang ditemukan,belum ada data yang ditemukan
173,173,-,belum ada data yang ditemukan,belum ada data yang ditemukan
174,174,-,belum ada data yang ditemukan,belum ada data yang ditemukan
175,175,-,belum ada data yang ditemukan,belum ada data yang ditemukan
176,176,-,belum ada data yang ditemukan,belum ada data yang ditemukan
177,177,-,belum ada data yang ditemukan,belum ada data yang ditemukan
178,178,-,belum ada data yang ditemukan,belum ada data yang ditemukan
179,179,-,belum ada data yang ditemukan,belum ada data yang ditemukan
180,180,-,belum ada data yang ditemukan,belum ada data yang ditemukan
181,181,-,belum ada data yang ditemukan,belum ada data yang ditemukan
182,182,-,belum ada data yang ditemukan,belum ada data yang ditemukan
183,183,-,belum ada data yang ditemukan,belum ada data yang ditemukan
184,184,-,belum ada data yang ditemukan,belum ada data yang ditemukan
185,185,Kumis Kucing / Pegagan,Risiko Hipertensi & Hipokalemia.,"Glycyrrhizin dalam akar manis menyebabkan retensi natrium dan hilangnya kalium (pseudoaldosteronism), melawan efek hipotensif/diuretik dari herbal lain."
186,186,-,belum ada data yang ditemukan,belum ada data yang ditemukan
187,187,-,belum ada data yang ditemukan,belum ada data yang ditemukan
188,188,-,belum ada data yang ditemukan,belum ada data yang ditemukan
189,189,-,belum ada data yang ditemukan,belum ada data yang ditemukan
190,190,-,belum ada data yang ditemukan,belum ada data yang ditemukan
191,191,-,belum ada data yang ditemukan,belum ada data yang ditemukan
192,192,-,belum ada data yang ditemukan,belum ada data yang ditemukan
193,193,-,belum ada data yang ditemukan,belum ada data yang ditemukan
194,194,-,belum ada data yang ditemukan,belum ada data yang ditemukan
195,195,-,belum ada data yang ditemukan,belum ada data yang ditemukan
196,196,-,belum ada data yang ditemukan,belum ada data yang ditemukan
197,197,-,belum ada data yang ditemukan,belum ada data yang ditemukan
198,198,-,belum ada data yang ditemukan,belum ada data yang ditemukan
199,199,-,belum ada data yang ditemukan,belum ada data yang ditemukan
200,200,-,belum ada data yang ditemukan,belum ada data yang ditemukan
201,201,Valerian / Chamomile,Sinergis (Sedasi SSP Berlebih).,"Kava memodulasi reseptor GABA. Jika digabungkan dengan Valerian/Chamomile, efek penekanan Sistem Saraf Pusat (SSP) akan berlipat ganda, memicu kantuk berat dan letargi."
202,202,-,belum ada data yang ditemukan,belum ada data yang ditemukan
203,203,-,belum ada data yang ditemukan,belum ada data yang ditemukan
204,204,-,belum ada data yang ditemukan,belum ada data yang ditemukan
205,205,-,belum ada data yang ditemukan,belum ada data yang ditemukan
206,206,-,belum ada data yang ditemukan,belum ada data yang ditemukan
207,207,-,belum ada data yang ditemukan,belum ada data yang ditemukan
208,208,-,belum ada data yang ditemukan,belum ada data yang ditemukan
209,209,-,belum ada data yang ditemukan,belum ada data yang ditemukan
210,210,-,belum ada data yang ditemukan,belum ada data yang ditemukan
211,211,-,belum ada data yang ditemukan,belum ada data yang ditemukan
212,212,-,belum ada data yang ditemukan,belum ada data yang ditemukan
213,213,-,belum ada data yang ditemukan,belum ada data yang ditemukan
214,214,-,belum ada data yang ditemukan,belum ada data yang ditemukan
215,215,Ginkgo Biloba / Bawang Putih,Risiko Pendarahan (Mild).,"Kandungan kumarin alami dalam Chamomile dapat berinteraksi secara aditif dengan agen antiplatelet dari herbal lain, berisiko memperpanjang waktu pendarahan."
216,216,-,belum ada data yang ditemukan,belum ada data yang ditemukan
217,217,-,belum ada data yang ditemukan,belum ada data yang ditemukan
218,218,-,belum ada data yang ditemukan,belum ada data yang ditemukan
219,219,-,belum ada data yang ditemukan,belum ada data yang ditemukan
220,220,-,belum ada data yang ditemukan,belum ada data yang ditemukan
221,221,-,belum ada data yang ditemukan,belum ada data yang ditemukan
222,222,-,belum ada data yang ditemukan,belum ada data yang ditemukan
223,223,-,belum ada data yang ditemukan,belum ada data yang ditemukan
224,224,-,belum ada data yang ditemukan,belum ada data yang ditemukan
225,225,-,belum ada data yang ditemukan,belum ada data yang ditemukan
226,226,-,belum ada data yang ditemukan,belum ada data yang ditemukan
227,227,-,belum ada data yang ditemukan,belum ada data yang ditemukan
228,228,-,belum ada data yang ditemukan,belum ada data yang ditemukan
229,229,-,belum ada data yang ditemukan,belum ada data yang ditemukan
230,230,Lidah Buaya (Lateks) / Klembak,Toksisitas (Hipokalemia & Dehidrasi Akut).,Kombinasi sesama laksatif golongan antrakuinon memicu hiperperistaltik usus parah yang menyebabkan hilangnya elektrolit (terutama Kalium) secara masif yang bisa memicu aritmia.
231,231,-,belum ada data yang ditemukan,belum ada data yang ditemukan
232,232,-,belum ada data yang ditemukan,belum ada data yang ditemukan
233,233,-,belum ada data yang ditemukan,belum ada data yang ditemukan
234,234,-,belum ada data yang ditemukan,belum ada data yang ditemukan
235,235,-,belum ada data yang ditemukan,belum ada data yang ditemukan
236,236,-,belum ada data yang ditemukan,belum ada data yang ditemukan
237,237,-,belum ada data yang ditemukan,belum ada data yang ditemukan
238,238,-,belum ada data yang ditemukan,belum ada data yang ditemukan
239,239,-,belum ada data yang ditemukan,belum ada data yang ditemukan
240,240,-,belum ada data yang ditemukan,belum ada data yang ditemukan
241,241,-,belum ada data yang ditemukan,belum ada data yang ditemukan
242,242,-,belum ada data yang ditemukan,belum ada data yang ditemukan
243,243,-,belum ada data yang ditemukan,belum ada data yang ditemukan
244,244,-,belum ada data yang ditemukan,belum ada data yang ditemukan
245,245,Ginkgo Biloba,Risiko Pendarahan & Overstimulasi SSP.,Ginsenosides pada ginseng memiliki efek antiplatelet yang jika digabung dengan ginkgolides dari Ginkgo akan sangat kuat menghambat agregasi trombosit.
246,246,-,belum ada data yang ditemukan,belum ada data yang ditemukan
247,247,-,belum ada data yang ditemukan,belum ada data yang ditemukan
248,248,-,belum ada data yang ditemukan,belum ada data yang ditemukan
249,249,-,belum ada data yang ditemukan,belum ada data yang ditemukan
250,250,-,belum ada data yang ditemukan,belum ada data yang ditemukan
251,251,-,belum ada data yang ditemukan,belum ada data yang ditemukan
252,252,-,belum ada data yang ditemukan,belum ada data yang ditemukan
253,253,-,belum ada data yang ditemukan,belum ada data yang ditemukan
254,254,-,belum ada data yang ditemukan,belum ada data yang ditemukan
255,255,-,belum ada data yang ditemukan,belum ada data yang ditemukan
256,256,-,belum ada data yang ditemukan,belum ada data yang ditemukan
257,257,-,belum ada data yang ditemukan,belum ada data yang ditemukan
258,258,-,belum ada data yang ditemukan,belum ada data yang ditemukan
259,259,-,belum ada data yang ditemukan,belum ada data yang ditemukan
260,260,Ephedra (Ma Huang) / Jeruk Hitam (Bitter Orange),Risiko Kardiovaskular Serius (Hipertensi & Aritmia).,Kafein memblokir reseptor adenosin dan herbal ber-alkaloid ephedrine/synephrine menstimulasi reseptor adrenergik. Kombinasinya memicu lonjakan tekanan darah dan detak jantung yang berbahaya.
261,261,-,belum ada data yang ditemukan,belum ada data yang ditemukan
262,262,-,belum ada data yang ditemukan,belum ada data yang ditemukan
263,263,-,belum ada data yang ditemukan,belum ada data yang ditemukan
264,264,-,belum ada data yang ditemukan,belum ada data yang ditemukan
265,265,-,belum ada data yang ditemukan,belum ada data yang ditemukan
266,266,-,belum ada data yang ditemukan,belum ada data yang ditemukan
267,267,-,belum ada data yang ditemukan,belum ada data yang ditemukan
268,268,-,belum ada data yang ditemukan,belum ada data yang ditemukan
269,269,-,belum ada data yang ditemukan,belum ada data yang ditemukan
270,270,-,belum ada data yang ditemukan,belum ada data yang ditemukan
271,271,-,belum ada data yang ditemukan,belum ada data yang ditemukan
272,272,-,belum ada data yang ditemukan,belum ada data yang ditemukan
273,273,-,belum ada data yang ditemukan,belum ada data yang ditemukan
274,274,-,belum ada data yang ditemukan,belum ada data yang ditemukan
275,275,St. John's Wort / Kava Kava / Pala,Sedasi Berbahaya (CNS Depression).,Valerian menekan sistem saraf pusat melalui jalur GABA. Penggabungan dengan herbal penenang lain dapat menyebabkan depresi pernapasan ringan hingga sedang dan letargi parah.
276,276,-,belum ada data yang ditemukan,belum ada data yang ditemukan
277,277,-,belum ada data yang ditemukan,belum ada data yang ditemukan
278,278,-,belum ada data yang ditemukan,belum ada data yang ditemukan
279,279,-,belum ada data yang ditemukan,belum ada data yang ditemukan
280,280,-,belum ada data yang ditemukan,belum ada data yang ditemukan
281,281,-,belum ada data yang ditemukan,belum ada data yang ditemukan
282,282,-,belum ada data yang ditemukan,belum ada data yang ditemukan
283,283,-,belum ada data yang ditemukan,belum ada data yang ditemukan
284,284,-,belum ada data yang ditemukan,belum ada data yang ditemukan
285,285,-,belum ada data yang ditemukan,belum ada data yang ditemukan
286,286,-,belum ada data yang ditemukan,belum ada data yang ditemukan
287,287,-,belum ada data yang ditemukan,belum ada data yang ditemukan
288,288,-,belum ada data yang ditemukan,belum ada data yang ditemukan
289,289,-,belum ada data yang ditemukan,belum ada data yang ditemukan
290,290,Echinacea / Meniran / Jintan Hitam,Sinergis (Imunostimulan Kuat).,"Ashwagandha (withanolides) meningkatkan aktivitas makrofag dan sel NK, yang mana jalur ini akan sangat diperkuat jika dikombinasikan dengan Echinacea atau Meniran dalam melawan infeksi."
291,291,-,belum ada data yang ditemukan,belum ada data yang ditemukan
292,292,-,belum ada data yang ditemukan,belum ada data yang ditemukan
293,293,-,belum ada data yang ditemukan,belum ada data yang ditemukan
294,294,-,belum ada data yang ditemukan,belum ada data yang ditemukan
295,295,-,belum ada data yang ditemukan,belum ada data yang ditemukan
296,296,-,belum ada data yang ditemukan,belum ada data yang ditemukan
297,297,-,belum ada data yang ditemukan,belum ada data yang ditemukan
298,298,-,belum ada data yang ditemukan,belum ada data yang ditemukan
299,299,-,belum ada data yang ditemukan,belum ada data yang ditemukan
300,300,-,belum ada data yang ditemukan,belum ada data yang ditemukan
301,301,Guarana / Teh / Kopi (Kafein),Risiko Kardiovaskular Sangat Tinggi (Hipertensi & Aritmia Fatal).,Kombinasi alkaloid ephedrine dan kafein memberikan efek stimulasi simpatomimetik dan sistem saraf pusat yang sangat berlebihan dan berbahaya bagi jantung.
302,302,-,belum ada data yang ditemukan,belum ada data yang ditemukan
303,303,-,belum ada data yang ditemukan,belum ada data yang ditemukan
304,304,-,belum ada data yang ditemukan,belum ada data yang ditemukan
305,305,-,belum ada data yang ditemukan,belum ada data yang ditemukan
306,306,-,belum ada data yang ditemukan,belum ada data yang ditemukan
307,307,-,belum ada data yang ditemukan,belum ada data yang ditemukan
308,308,-,belum ada data yang ditemukan,belum ada data yang ditemukan
309,309,-,belum ada data yang ditemukan,belum ada data yang ditemukan
310,310,-,belum ada data yang ditemukan,belum ada data yang ditemukan
311,311,-,belum ada data yang ditemukan,belum ada data yang ditemukan
312,312,-,belum ada data yang ditemukan,belum ada data yang ditemukan
313,313,-,belum ada data yang ditemukan,belum ada data yang ditemukan
314,314,-,belum ada data yang ditemukan,belum ada data yang ditemukan
315,315,Ephedra / Bitter Orange,Toksisitas Kardiovaskular.,"Kandungan kafein tinggi pada Guarana memperkuat efek adrenergik dari herbal stimulan lainnya, memicu takikardia dan peningkatan tekanan darah drastis."
316,316,-,belum ada data yang ditemukan,belum ada data yang ditemukan
317,317,-,belum ada data yang ditemukan,belum ada data yang ditemukan
318,318,-,belum ada data yang ditemukan,belum ada data yang ditemukan
319,319,-,belum ada data yang ditemukan,belum ada data yang ditemukan
320,320,-,belum ada data yang ditemukan,belum ada data yang ditemukan
321,321,-,belum ada data yang ditemukan,belum ada data yang ditemukan
322,322,-,belum ada data yang ditemukan,belum ada data yang ditemukan
323,323,-,belum ada data yang ditemukan,belum ada data yang ditemukan
324,324,-,belum ada data yang ditemukan,belum ada data yang ditemukan
325,325,-,belum ada data yang ditemukan,belum ada data yang ditemukan
326,326,-,belum ada data yang ditemukan,belum ada data yang ditemukan
327,327,-,belum ada data yang ditemukan,belum ada data yang ditemukan
328,328,-,belum ada data yang ditemukan,belum ada data yang ditemukan
329,329,-,belum ada data yang ditemukan,belum ada data yang ditemukan
330,330,Kafein / Ekstrak Kopi Hijau,Sinergis (Termogenik) namun Berisiko Jantung.,"Synephrine dalam Bitter Orange bekerja pada reseptor adrenergik alfa dan beta. Penggabungan dengan kafein meningkatkan laju metabolisme pembakaran lemak, namun berisiko memberi stres pada miokardium."
331,331,-,belum ada data yang ditemukan,belum ada data yang ditemukan
332,332,-,belum ada data yang ditemukan,belum ada data yang ditemukan
333,333,-,belum ada data yang ditemukan,belum ada data yang ditemukan
334,334,-,belum ada data yang ditemukan,belum ada data yang ditemukan
335,335,-,belum ada data yang ditemukan,belum ada data yang ditemukan
336,336,-,belum ada data yang ditemukan,belum ada data yang ditemukan
337,337,-,belum ada data yang ditemukan,belum ada data yang ditemukan
338,338,-,belum ada data yang ditemukan,belum ada data yang ditemukan
339,339,-,belum ada data yang ditemukan,belum ada data yang ditemukan
340,340,-,belum ada data yang ditemukan,belum ada data yang ditemukan
341,341,-,belum ada data yang ditemukan,belum ada data yang ditemukan
342,342,-,belum ada data yang ditemukan,belum ada data yang ditemukan
343,343,-,belum ada data yang ditemukan,belum ada data yang ditemukan
344,344,-,belum ada data yang ditemukan,belum ada data yang ditemukan
345,345,-,belum ada data yang ditemukan,belum ada data yang ditemukan
346,346,-,belum ada data yang ditemukan,belum ada data yang ditemukan
347,347,-,belum ada data yang ditemukan,belum ada data yang ditemukan
348,348,-,belum ada data yang ditemukan,belum ada data yang ditemukan
349,349,-,belum ada data yang ditemukan,belum ada data yang ditemukan
350,350,Ginkgo Biloba / Bawang Putih / Ginseng,Risiko Pendarahan Meningkat.,Saw Palmetto memiliki efek antiplatelet melalui penghambatan COX. Kombinasi dengan herbal pengencer darah lain dapat menyebabkan memar atau pendarahan spontan.
351,351,-,belum ada data yang ditemukan,belum ada data yang ditemukan
352,352,-,belum ada data yang ditemukan,belum ada data yang ditemukan
353,353,-,belum ada data yang ditemukan,belum ada data yang ditemukan
354,354,-,belum ada data yang ditemukan,belum ada data yang ditemukan
355,355,-,belum ada data yang ditemukan,belum ada data yang ditemukan
356,356,-,belum ada data yang ditemukan,belum ada data yang ditemukan
357,357,-,belum ada data yang ditemukan,belum ada data yang ditemukan
358,358,-,belum ada data yang ditemukan,belum ada data yang ditemukan
359,359,-,belum ada data yang ditemukan,belum ada data yang ditemukan
360,360,-,belum ada data yang ditemukan,belum ada data yang ditemukan
361,361,-,belum ada data yang ditemukan,belum ada data yang ditemukan
362,362,-,belum ada data yang ditemukan,belum ada data yang ditemukan
363,363,-,belum ada data yang ditemukan,belum ada data yang ditemukan
364,364,-,belum ada data yang ditemukan,belum ada data yang ditemukan
365,365,-,belum ada data yang ditemukan,belum ada data yang ditemukan
366,366,-,belum ada data yang ditemukan,belum ada data yang ditemukan
367,367,-,belum ada data yang ditemukan,belum ada data yang ditemukan
368,368,-,belum ada data yang ditemukan,belum ada data yang ditemukan
369,369,-,belum ada data yang ditemukan,belum ada data yang ditemukan
370,370,-,belum ada data yang ditemukan,belum ada data yang ditemukan
371,371,-,belum ada data yang ditemukan,belum ada data yang ditemukan
372,372,-,belum ada data yang ditemukan,belum ada data yang ditemukan
373,373,-,belum ada data yang ditemukan,belum ada data yang ditemukan
374,374,-,belum ada data yang ditemukan,belum ada data yang ditemukan
375,375,Kava Kava / Comfrey,Potensi Hepatotoksisitas (Kerusakan Hati) Aditif.,Terdapat laporan kasus kerusakan hati terkait penggunaan Black Cohosh. Menggabungkannya dengan herbal yang juga terbukti hepatotoksik akan secara drastis meningkatkan risiko kegagalan fungsi hati akut.
376,376,-,belum ada data yang ditemukan,belum ada data yang ditemukan
377,377,-,belum ada data yang ditemukan,belum ada data yang ditemukan
378,378,-,belum ada data yang ditemukan,belum ada data yang ditemukan
379,379,-,belum ada data yang ditemukan,belum ada data yang ditemukan
380,380,-,belum ada data yang ditemukan,belum ada data yang ditemukan
381,381,-,belum ada data yang ditemukan,belum ada data yang ditemukan
382,382,-,belum ada data yang ditemukan,belum ada data yang ditemukan
383,383,-,belum ada data yang ditemukan,belum ada data yang ditemukan
384,384,-,belum ada data yang ditemukan,belum ada data yang ditemukan
385,385,-,belum ada data yang ditemukan,belum ada data yang ditemukan
386,386,-,belum ada data yang ditemukan,belum ada data yang ditemukan
387,387,-,belum ada data yang ditemukan,belum ada data yang ditemukan
388,388,-,belum ada data yang ditemukan,belum ada data yang ditemukan
389,389,-,belum ada data yang ditemukan,belum ada data yang ditemukan
390,390,Ephedra / Ginseng Korea,Krisis Hipertensi & Overstimulasi.,Yohimbine adalah antagonis reseptor alfa-2 adrenergik yang bertindak sebagai stimulan sentral. Kombinasi dengan stimulan herbal lain akan memicu pelepasan dan akumulasi norepinefrin yang tidak terkontrol.
391,391,-,belum ada data yang ditemukan,belum ada data yang ditemukan
392,392,-,belum ada data yang ditemukan,belum ada data yang ditemukan
393,393,-,belum ada data yang ditemukan,belum ada data yang ditemukan
394,394,-,belum ada data yang ditemukan,belum ada data yang ditemukan
395,395,-,belum ada data yang ditemukan,belum ada data yang ditemukan
396,396,-,belum ada data yang ditemukan,belum ada data yang ditemukan
397,397,-,belum ada data yang ditemukan,belum ada data yang ditemukan
398,398,-,belum ada data yang ditemukan,belum ada data yang ditemukan
399,399,-,belum ada data yang ditemukan,belum ada data yang ditemukan
400,400,-,belum ada data yang ditemukan,belum ada data yang ditemukan
401,401,Bawang Putih / Ginkgo Biloba,Risiko Pendarahan Spontan.,Kulit willow mengandung salisin (prekursor aspirin alami) yang sangat kuat menghambat agregasi trombosit. Kombinasi dengan herbal antiplatelet lain akan memperpanjang waktu pembekuan darah secara drastis.
402,402,-,belum ada data yang ditemukan,belum ada data yang ditemukan
403,403,-,belum ada data yang ditemukan,belum ada data yang ditemukan
404,404,-,belum ada data yang ditemukan,belum ada data yang ditemukan
405,405,-,belum ada data yang ditemukan,belum ada data yang ditemukan
406,406,-,belum ada data yang ditemukan,belum ada data yang ditemukan
407,407,-,belum ada data yang ditemukan,belum ada data yang ditemukan
408,408,-,belum ada data yang ditemukan,belum ada data yang ditemukan
409,409,-,belum ada data yang ditemukan,belum ada data yang ditemukan
410,410,-,belum ada data yang ditemukan,belum ada data yang ditemukan
411,411,-,belum ada data yang ditemukan,belum ada data yang ditemukan
412,412,-,belum ada data yang ditemukan,belum ada data yang ditemukan
413,413,-,belum ada data yang ditemukan,belum ada data yang ditemukan
414,414,-,belum ada data yang ditemukan,belum ada data yang ditemukan
415,415,Ginseng Korea / Pasak Bumi,Sinergis (Peningkat Stamina) namun berisiko Insomnia & Palpitasi.,Keduanya merupakan adaptogen dan peningkat energi yang sangat kuat. Penggunaan bersamaan dapat memicu stimulasi berlebih pada sumbu HPA (Hypothalamic-Pituitary-Adrenal) dan sistem saraf simpatik.
416,416,-,belum ada data yang ditemukan,belum ada data yang ditemukan
417,417,-,belum ada data yang ditemukan,belum ada data yang ditemukan
418,418,-,belum ada data yang ditemukan,belum ada data yang ditemukan
419,419,-,belum ada data yang ditemukan,belum ada data yang ditemukan
420,420,-,belum ada data yang ditemukan,belum ada data yang ditemukan
421,421,-,belum ada data yang ditemukan,belum ada data yang ditemukan
422,422,-,belum ada data yang ditemukan,belum ada data yang ditemukan
423,423,-,belum ada data yang ditemukan,belum ada data yang ditemukan
424,424,-,belum ada data yang ditemukan,belum ada data yang ditemukan
425,425,-,belum ada data yang ditemukan,belum ada data yang ditemukan
426,426,-,belum ada data yang ditemukan,belum ada data yang ditemukan
427,427,-,belum ada data yang ditemukan,belum ada data yang ditemukan
428,428,-,belum ada data yang ditemukan,belum ada data yang ditemukan
429,429,-,belum ada data yang ditemukan,belum ada data yang ditemukan
430,430,Uva Ursi (Bearberry),Antagonis (Saling Menghilangkan Khasiat).,"Arbutin dalam Uva Ursi membutuhkan urin yang bersifat basa agar dapat diubah menjadi hydroquinone (antibakteri). Cranberry sangat mengasamkan urin, sehingga memblokir secara total konversi zat aktif Uva Ursi."
431,431,-,belum ada data yang ditemukan,belum ada data yang ditemukan
432,432,-,belum ada data yang ditemukan,belum ada data yang ditemukan
433,433,-,belum ada data yang ditemukan,belum ada data yang ditemukan
434,434,-,belum ada data yang ditemukan,belum ada data yang ditemukan
435,435,-,belum ada data yang ditemukan,belum ada data yang ditemukan
436,436,-,belum ada data yang ditemukan,belum ada data yang ditemukan
437,437,-,belum ada data yang ditemukan,belum ada data yang ditemukan
438,438,-,belum ada data yang ditemukan,belum ada data yang ditemukan
439,439,-,belum ada data yang ditemukan,belum ada data yang ditemukan
440,440,-,belum ada data yang ditemukan,belum ada data yang ditemukan
441,441,-,belum ada data yang ditemukan,belum ada data yang ditemukan
442,442,-,belum ada data yang ditemukan,belum ada data yang ditemukan
443,443,-,belum ada data yang ditemukan,belum ada data yang ditemukan
444,444,-,belum ada data yang ditemukan,belum ada data yang ditemukan
445,445,-,belum ada data yang ditemukan,belum ada data yang ditemukan
446,446,-,belum ada data yang ditemukan,belum ada data yang ditemukan
447,447,-,belum ada data yang ditemukan,belum ada data yang ditemukan
448,448,-,belum ada data yang ditemukan,belum ada data yang ditemukan
449,449,-,belum ada data yang ditemukan,belum ada data yang ditemukan
450,450,Temulawak / Kunyit,Sinergis (Hepatoprotektor Super).,"Silymarin menstimulasi regenerasi sel hati dan RNA polimerase, sedangkan kurkumin/xanthorrhizol menekan peradangan hati (TNF-a) dan stress oksidatif. Kombinasi ini merupakan standar emas pemulihan liver."
451,451,-,belum ada data yang ditemukan,belum ada data yang ditemukan
452,452,-,belum ada data yang ditemukan,belum ada data yang ditemukan
453,453,-,belum ada data yang ditemukan,belum ada data yang ditemukan
454,454,-,belum ada data yang ditemukan,belum ada data yang ditemukan
455,455,-,belum ada data yang ditemukan,belum ada data yang ditemukan
456,456,-,belum ada data yang ditemukan,belum ada data yang ditemukan
457,457,-,belum ada data yang ditemukan,belum ada data yang ditemukan
458,458,-,belum ada data yang ditemukan,belum ada data yang ditemukan
459,459,-,belum ada data yang ditemukan,belum ada data yang ditemukan
460,460,-,belum ada data yang ditemukan,belum ada data yang ditemukan
461,461,-,belum ada data yang ditemukan,belum ada data yang ditemukan
462,462,-,belum ada data yang ditemukan,belum ada data yang ditemukan
463,463,-,belum ada data yang ditemukan,belum ada data yang ditemukan
464,464,-,belum ada data yang ditemukan,belum ada data yang ditemukan
465,465,-,belum ada data yang ditemukan,belum ada data yang ditemukan
466,466,-,belum ada data yang ditemukan,belum ada data yang ditemukan
467,467,-,belum ada data yang ditemukan,belum ada data yang ditemukan
468,468,-,belum ada data yang ditemukan,belum ada data yang ditemukan
469,469,-,belum ada data yang ditemukan,belum ada data yang ditemukan
470,470,-,belum ada data yang ditemukan,belum ada data yang ditemukan
471,471,-,belum ada data yang ditemukan,belum ada data yang ditemukan
472,472,-,belum ada data yang ditemukan,belum ada data yang ditemukan
473,473,-,belum ada data yang ditemukan,belum ada data yang ditemukan
474,474,-,belum ada data yang ditemukan,belum ada data yang ditemukan
475,475,Daun Senna / Lidah Buaya (Latex) / Klembak,Toksisitas Pencernaan (Hiperkatartik).,"Minyak jarak (asam risinoleat) mengiritasi mukosa usus halus, sedangkan senna/aloe mengiritasi usus besar. Kombinasinya menyebabkan kram perut parah, diare akut, dan ketidakseimbangan elektrolit (hipokalemia fatal)."
476,476,-,belum ada data yang ditemukan,belum ada data yang ditemukan
477,477,-,belum ada data yang ditemukan,belum ada data yang ditemukan
478,478,-,belum ada data yang ditemukan,belum ada data yang ditemukan
479,479,-,belum ada data yang ditemukan,belum ada data yang ditemukan
480,480,-,belum ada data yang ditemukan,belum ada data yang ditemukan
481,481,-,belum ada data yang ditemukan,belum ada data yang ditemukan
482,482,-,belum ada data yang ditemukan,belum ada data yang ditemukan
483,483,-,belum ada data yang ditemukan,belum ada data yang ditemukan
484,484,-,belum ada data yang ditemukan,belum ada data yang ditemukan
485,485,-,belum ada data yang ditemukan,belum ada data yang ditemukan
486,486,-,belum ada data yang ditemukan,belum ada data yang ditemukan
487,487,-,belum ada data yang ditemukan,belum ada data yang ditemukan
488,488,-,belum ada data yang ditemukan,belum ada data yang ditemukan
489,489,-,belum ada data yang ditemukan,belum ada data yang ditemukan
490,490,Jati Belanda / Kemuning / Guarana,Risiko Malnutrisi & Hepatotoksisitas Tingkat Lanjut.,"Asam Hidroksisitrat (HCA) pada Garcinia menghambat pembentukan lemak di hati, sementara Jati Belanda menghambat absorpsi nutrisi secara fisik. Penggabungan ekstrak ini dalam ""Pil Diet Kuat"" berisiko merusak fungsi hati dan memicu dehidrasi berat."
491,491,-,belum ada data yang ditemukan,belum ada data yang ditemukan
492,492,-,belum ada data yang ditemukan,belum ada data yang ditemukan
493,493,-,belum ada data yang ditemukan,belum ada data yang ditemukan
494,494,-,belum ada data yang ditemukan,belum ada data yang ditemukan
495,495,-,belum ada data yang ditemukan,belum ada data yang ditemukan
496,496,-,belum ada data yang ditemukan,belum ada data yang ditemukan
497,497,-,belum ada data yang ditemukan,belum ada data yang ditemukan
498,498,-,belum ada data yang ditemukan,belum ada data yang ditemukan
499,499,-,belum ada data yang ditemukan,belum ada data yang ditemukan
500,500,-,belum ada data yang ditemukan,belum ada data yang ditemukan
501,501,Bawang Putih / Ginseng / Ginkgo,Risiko Pendarahan Spontan.,Dong Quai mengandung turunan kumarin yang memiliki efek antiplatelet dan antikoagulan. Kombinasi dengan herbal pengencer darah lainnya akan memperkuat efek ini secara berbahaya dan memperpanjang waktu pendarahan (bleeding time).
502,502,-,belum ada data yang ditemukan,belum ada data yang ditemukan
503,503,-,belum ada data yang ditemukan,belum ada data yang ditemukan
504,504,-,belum ada data yang ditemukan,belum ada data yang ditemukan
505,505,-,belum ada data yang ditemukan,belum ada data yang ditemukan
506,506,-,belum ada data yang ditemukan,belum ada data yang ditemukan
507,507,-,belum ada data yang ditemukan,belum ada data yang ditemukan
508,508,-,belum ada data yang ditemukan,belum ada data yang ditemukan
509,509,-,belum ada data yang ditemukan,belum ada data yang ditemukan
510,510,-,belum ada data yang ditemukan,belum ada data yang ditemukan
511,511,-,belum ada data yang ditemukan,belum ada data yang ditemukan
512,512,-,belum ada data yang ditemukan,belum ada data yang ditemukan
513,513,-,belum ada data yang ditemukan,belum ada data yang ditemukan
514,514,-,belum ada data yang ditemukan,belum ada data yang ditemukan
515,515,-,belum ada data yang ditemukan,belum ada data yang ditemukan
516,516,-,belum ada data yang ditemukan,belum ada data yang ditemukan
517,517,-,belum ada data yang ditemukan,belum ada data yang ditemukan
518,518,-,belum ada data yang ditemukan,belum ada data yang ditemukan
519,519,-,belum ada data yang ditemukan,belum ada data yang ditemukan
520,520,-,belum ada data yang ditemukan,belum ada data yang ditemukan
521,521,-,belum ada data yang ditemukan,belum ada data yang ditemukan
522,522,-,belum ada data yang ditemukan,belum ada data yang ditemukan
523,523,-,belum ada data yang ditemukan,belum ada data yang ditemukan
524,524,-,belum ada data yang ditemukan,belum ada data yang ditemukan
525,525,Guarana / Kopi / Ephedra,Overstimulasi Sistem Saraf Pusat & Insomnia.,"Ginseng Siberia bersifat adaptogen dan stimulan ringan. Jika digabungkan dengan herbal kaya kafein atau efedrin, efek stimulasi simpatik akan meningkat tajam, menyebabkan takikardia dan agitasi."
526,526,-,belum ada data yang ditemukan,belum ada data yang ditemukan
527,527,-,belum ada data yang ditemukan,belum ada data yang ditemukan
528,528,-,belum ada data yang ditemukan,belum ada data yang ditemukan
529,529,-,belum ada data yang ditemukan,belum ada data yang ditemukan
530,530,-,belum ada data yang ditemukan,belum ada data yang ditemukan
531,531,-,belum ada data yang ditemukan,belum ada data yang ditemukan
532,532,-,belum ada data yang ditemukan,belum ada data yang ditemukan
533,533,-,belum ada data yang ditemukan,belum ada data yang ditemukan
534,534,-,belum ada data yang ditemukan,belum ada data yang ditemukan
535,535,-,belum ada data yang ditemukan,belum ada data yang ditemukan
536,536,-,belum ada data yang ditemukan,belum ada data yang ditemukan
537,537,-,belum ada data yang ditemukan,belum ada data yang ditemukan
538,538,-,belum ada data yang ditemukan,belum ada data yang ditemukan
539,539,-,belum ada data yang ditemukan,belum ada data yang ditemukan
540,540,-,belum ada data yang ditemukan,belum ada data yang ditemukan
541,541,-,belum ada data yang ditemukan,belum ada data yang ditemukan
542,542,-,belum ada data yang ditemukan,belum ada data yang ditemukan
543,543,-,belum ada data yang ditemukan,belum ada data yang ditemukan
544,544,-,belum ada data yang ditemukan,belum ada data yang ditemukan
545,545,-,belum ada data yang ditemukan,belum ada data yang ditemukan
546,546,-,belum ada data yang ditemukan,belum ada data yang ditemukan
547,547,-,belum ada data yang ditemukan,belum ada data yang ditemukan
548,548,-,belum ada data yang ditemukan,belum ada data yang ditemukan
549,549,-,belum ada data yang ditemukan,belum ada data yang ditemukan
550,550,Valerian / Kava Kava / Pala,Sedasi Berat & Depresi Pernapasan Fatal.,"Kratom memiliki aktivitas agonis reseptor opioid. Jika digabung dengan herbal depresan SSP (jalur GABAergic seperti Valerian), efek sedasi akan berlipat ganda yang berisiko sangat tinggi menekan pusat pernapasan di otak."
551,551,-,belum ada data yang ditemukan,belum ada data yang ditemukan
552,552,-,belum ada data yang ditemukan,belum ada data yang ditemukan
553,553,-,belum ada data yang ditemukan,belum ada data yang ditemukan
554,554,-,belum ada data yang ditemukan,belum ada data yang ditemukan
555,555,-,belum ada data yang ditemukan,belum ada data yang ditemukan
556,556,-,belum ada data yang ditemukan,belum ada data yang ditemukan
557,557,-,belum ada data yang ditemukan,belum ada data yang ditemukan
558,558,-,belum ada data yang ditemukan,belum ada data yang ditemukan
559,559,-,belum ada data yang ditemukan,belum ada data yang ditemukan
560,560,-,belum ada data yang ditemukan,belum ada data yang ditemukan
561,561,-,belum ada data yang ditemukan,belum ada data yang ditemukan
562,562,-,belum ada data yang ditemukan,belum ada data yang ditemukan
563,563,-,belum ada data yang ditemukan,belum ada data yang ditemukan
564,564,-,belum ada data yang ditemukan,belum ada data yang ditemukan
565,565,-,belum ada data yang ditemukan,belum ada data yang ditemukan
566,566,-,belum ada data yang ditemukan,belum ada data yang ditemukan
567,567,-,belum ada data yang ditemukan,belum ada data yang ditemukan
568,568,-,belum ada data yang ditemukan,belum ada data yang ditemukan
569,569,-,belum ada data yang ditemukan,belum ada data yang ditemukan
570,570,-,belum ada data yang ditemukan,belum ada data yang ditemukan
571,571,-,belum ada data yang ditemukan,belum ada data yang ditemukan
572,572,-,belum ada data yang ditemukan,belum ada data yang ditemukan
573,573,-,belum ada data yang ditemukan,belum ada data yang ditemukan
574,574,-,belum ada data yang ditemukan,belum ada data yang ditemukan
575,575,St. John's Wort / Lada Hitam,Perubahan Bioavailabilitas Ekstrem.,Alkaloid berberin pada Goldenseal adalah inhibitor kuat sitokrom P450 (terutama CYP3A4). Kombinasi dengan herbal lain yang bergantung pada enzim ini akan menyebabkan penumpukan toksisitas atau kegagalan efektivitas terapi.
576,576,-,belum ada data yang ditemukan,belum ada data yang ditemukan
577,577,-,belum ada data yang ditemukan,belum ada data yang ditemukan
578,578,-,belum ada data yang ditemukan,belum ada data yang ditemukan
579,579,-,belum ada data yang ditemukan,belum ada data yang ditemukan
580,580,-,belum ada data yang ditemukan,belum ada data yang ditemukan
581,581,-,belum ada data yang ditemukan,belum ada data yang ditemukan
582,582,-,belum ada data yang ditemukan,belum ada data yang ditemukan
583,583,-,belum ada data yang ditemukan,belum ada data yang ditemukan
584,584,-,belum ada data yang ditemukan,belum ada data yang ditemukan
585,585,-,belum ada data yang ditemukan,belum ada data yang ditemukan
586,586,-,belum ada data yang ditemukan,belum ada data yang ditemukan
587,587,-,belum ada data yang ditemukan,belum ada data yang ditemukan
588,588,-,belum ada data yang ditemukan,belum ada data yang ditemukan
589,589,-,belum ada data yang ditemukan,belum ada data yang ditemukan
590,590,-,belum ada data yang ditemukan,belum ada data yang ditemukan
591,591,-,belum ada data yang ditemukan,belum ada data yang ditemukan
592,592,-,belum ada data yang ditemukan,belum ada data yang ditemukan
593,593,-,belum ada data yang ditemukan,belum ada data yang ditemukan
594,594,-,belum ada data yang ditemukan,belum ada data yang ditemukan
595,595,Ginkgo Biloba,Risiko Kejang (Penurunan Ambang Kejang).,"Kombinasi Evening Primrose oil dan ekstrak Ginkgo biloba secara klinis berpotensi menurunkan ambang kejang di otak, sangat berbahaya bagi individu dengan riwayat epilepsi atau yang sedang mengonsumsi obat antikonvulsan."
596,596,-,belum ada data yang ditemukan,belum ada data yang ditemukan
597,597,-,belum ada data yang ditemukan,belum ada data yang ditemukan
598,598,-,belum ada data yang ditemukan,belum ada data yang ditemukan
599,599,-,belum ada data yang ditemukan,belum ada data yang ditemukan
600,600,-,belum ada data yang ditemukan,belum ada data yang ditemukan
601,601,Ginseng Korea / Eleuthero,Sinergis (Adaptogen Kuat).,"Schisandra meningkatkan daya tahan tubuh secara non-spesifik. Jika dikombinasikan dengan adaptogen lain seperti Ginseng, efek pengurangan stres fisik dan kelelahan mental akan meningkat tajam."
602,602,-,belum ada data yang ditemukan,belum ada data yang ditemukan
603,603,-,belum ada data yang ditemukan,belum ada data yang ditemukan
604,604,-,belum ada data yang ditemukan,belum ada data yang ditemukan
605,605,-,belum ada data yang ditemukan,belum ada data yang ditemukan
606,606,-,belum ada data yang ditemukan,belum ada data yang ditemukan
607,607,-,belum ada data yang ditemukan,belum ada data yang ditemukan
608,608,-,belum ada data yang ditemukan,belum ada data yang ditemukan
609,609,-,belum ada data yang ditemukan,belum ada data yang ditemukan
610,610,-,belum ada data yang ditemukan,belum ada data yang ditemukan
611,611,-,belum ada data yang ditemukan,belum ada data yang ditemukan
612,612,-,belum ada data yang ditemukan,belum ada data yang ditemukan
613,613,-,belum ada data yang ditemukan,belum ada data yang ditemukan
614,614,-,belum ada data yang ditemukan,belum ada data yang ditemukan
615,615,St. John's Wort / Griffonia,Risiko Sindrom Serotonin.,Rhodiola memiliki aktivitas penghambatan Monoamine Oxidase (MAO) ringan. Kombinasi dengan herbal penstabil mood yang meningkatkan serotonin (seperti St. John's Wort) dapat memicu kelebihan serotonin di otak.
616,616,-,belum ada data yang ditemukan,belum ada data yang ditemukan
617,617,-,belum ada data yang ditemukan,belum ada data yang ditemukan
618,618,-,belum ada data yang ditemukan,belum ada data yang ditemukan
619,619,-,belum ada data yang ditemukan,belum ada data yang ditemukan
620,620,-,belum ada data yang ditemukan,belum ada data yang ditemukan
621,621,-,belum ada data yang ditemukan,belum ada data yang ditemukan
622,622,-,belum ada data yang ditemukan,belum ada data yang ditemukan
623,623,-,belum ada data yang ditemukan,belum ada data yang ditemukan
624,624,-,belum ada data yang ditemukan,belum ada data yang ditemukan
625,625,-,belum ada data yang ditemukan,belum ada data yang ditemukan
626,626,-,belum ada data yang ditemukan,belum ada data yang ditemukan
627,627,-,belum ada data yang ditemukan,belum ada data yang ditemukan
628,628,-,belum ada data yang ditemukan,belum ada data yang ditemukan
629,629,-,belum ada data yang ditemukan,belum ada data yang ditemukan
630,630,Chamomile / Licorice DGL,Sinergis (Gastroprotektif).,"Menthol dalam peppermint merelaksasi otot polos saluran cerna (antispasmodik), sementara Chamomile atau Licorice menenangkan peradangan mukosa lambung. Kombinasi ideal untuk Dispepsia (sakit maag)."
631,631,-,belum ada data yang ditemukan,belum ada data yang ditemukan
632,632,-,belum ada data yang ditemukan,belum ada data yang ditemukan
633,633,-,belum ada data yang ditemukan,belum ada data yang ditemukan
634,634,-,belum ada data yang ditemukan,belum ada data yang ditemukan
635,635,-,belum ada data yang ditemukan,belum ada data yang ditemukan
636,636,-,belum ada data yang ditemukan,belum ada data yang ditemukan
637,637,-,belum ada data yang ditemukan,belum ada data yang ditemukan
638,638,-,belum ada data yang ditemukan,belum ada data yang ditemukan
639,639,-,belum ada data yang ditemukan,belum ada data yang ditemukan
640,640,-,belum ada data yang ditemukan,belum ada data yang ditemukan
641,641,-,belum ada data yang ditemukan,belum ada data yang ditemukan
642,642,-,belum ada data yang ditemukan,belum ada data yang ditemukan
643,643,-,belum ada data yang ditemukan,belum ada data yang ditemukan
644,644,-,belum ada data yang ditemukan,belum ada data yang ditemukan
645,645,-,belum ada data yang ditemukan,belum ada data yang ditemukan
646,646,-,belum ada data yang ditemukan,belum ada data yang ditemukan
647,647,-,belum ada data yang ditemukan,belum ada data yang ditemukan
648,648,-,belum ada data yang ditemukan,belum ada data yang ditemukan
649,649,-,belum ada data yang ditemukan,belum ada data yang ditemukan
650,650,Ginkgo Biloba / Bawang Putih,Risiko Pendarahan Meningkat.,Parthenolide dalam Feverfew menghambat agregasi platelet secara ireversibel (mirip aspirin). Kombinasi dengan herbal pengencer darah lain memperpanjang waktu pendarahan.
651,651,-,belum ada data yang ditemukan,belum ada data yang ditemukan
652,652,-,belum ada data yang ditemukan,belum ada data yang ditemukan
653,653,-,belum ada data yang ditemukan,belum ada data yang ditemukan
654,654,-,belum ada data yang ditemukan,belum ada data yang ditemukan
655,655,-,belum ada data yang ditemukan,belum ada data yang ditemukan
656,656,-,belum ada data yang ditemukan,belum ada data yang ditemukan
657,657,-,belum ada data yang ditemukan,belum ada data yang ditemukan
658,658,-,belum ada data yang ditemukan,belum ada data yang ditemukan
659,659,-,belum ada data yang ditemukan,belum ada data yang ditemukan
660,660,-,belum ada data yang ditemukan,belum ada data yang ditemukan
661,661,-,belum ada data yang ditemukan,belum ada data yang ditemukan
662,662,-,belum ada data yang ditemukan,belum ada data yang ditemukan
663,663,-,belum ada data yang ditemukan,belum ada data yang ditemukan
664,664,-,belum ada data yang ditemukan,belum ada data yang ditemukan
665,665,-,belum ada data yang ditemukan,belum ada data yang ditemukan
666,666,-,belum ada data yang ditemukan,belum ada data yang ditemukan
667,667,-,belum ada data yang ditemukan,belum ada data yang ditemukan
668,668,-,belum ada data yang ditemukan,belum ada data yang ditemukan
669,669,-,belum ada data yang ditemukan,belum ada data yang ditemukan
670,670,-,belum ada data yang ditemukan,belum ada data yang ditemukan
671,671,-,belum ada data yang ditemukan,belum ada data yang ditemukan
672,672,-,belum ada data yang ditemukan,belum ada data yang ditemukan
673,673,-,belum ada data yang ditemukan,belum ada data yang ditemukan
674,674,-,belum ada data yang ditemukan,belum ada data yang ditemukan
675,675,-,belum ada data yang ditemukan,belum ada data yang ditemukan
676,676,-,belum ada data yang ditemukan,belum ada data yang ditemukan
677,677,-,belum ada data yang ditemukan,belum ada data yang ditemukan
678,678,-,belum ada data yang ditemukan,belum ada data yang ditemukan
679,679,-,belum ada data yang ditemukan,belum ada data yang ditemukan
680,680,-,belum ada data yang ditemukan,belum ada data yang ditemukan
681,681,-,belum ada data yang ditemukan,belum ada data yang ditemukan
682,682,-,belum ada data yang ditemukan,belum ada data yang ditemukan
683,683,-,belum ada data yang ditemukan,belum ada data yang ditemukan
684,684,-,belum ada data yang ditemukan,belum ada data yang ditemukan
685,685,-,belum ada data yang ditemukan,belum ada data yang ditemukan
686,686,-,belum ada data yang ditemukan,belum ada data yang ditemukan
687,687,-,belum ada data yang ditemukan,belum ada data yang ditemukan
688,688,-,belum ada data yang ditemukan,belum ada data yang ditemukan
689,689,-,belum ada data yang ditemukan,belum ada data yang ditemukan
690,690,Echinacea,Sinergis (Antimikroba & Imun).,"Berberin pada Goldenseal merusak dinding sel bakteri secara langsung, sementara Echinacea menstimulasi makrofag. Kombinasi ini sangat populer untuk mengatasi infeksi saluran pernapasan awal."
691,691,-,belum ada data yang ditemukan,belum ada data yang ditemukan
692,692,-,belum ada data yang ditemukan,belum ada data yang ditemukan
693,693,-,belum ada data yang ditemukan,belum ada data yang ditemukan
694,694,-,belum ada data yang ditemukan,belum ada data yang ditemukan
695,695,-,belum ada data yang ditemukan,belum ada data yang ditemukan
696,696,-,belum ada data yang ditemukan,belum ada data yang ditemukan
697,697,-,belum ada data yang ditemukan,belum ada data yang ditemukan
698,698,-,belum ada data yang ditemukan,belum ada data yang ditemukan
699,699,-,belum ada data yang ditemukan,belum ada data yang ditemukan
700,700,-,belum ada data yang ditemukan,belum ada data yang ditemukan
701,701,Motherwort / Digitalis (Foxglove),Sinergis (Kardiotonik) & Risiko Toksisitas Jantung.,"Hawthorn meningkatkan kontraktilitas miokardium dan vasodilatasi koroner. Jika digabungkan dengan glikosida jantung dari Digitalis, dapat memicu aritmia fatal akibat akumulasi efek inotropik positif yang berlebihan."
702,702,-,belum ada data yang ditemukan,belum ada data yang ditemukan
703,703,-,belum ada data yang ditemukan,belum ada data yang ditemukan
704,704,-,belum ada data yang ditemukan,belum ada data yang ditemukan
705,705,-,belum ada data yang ditemukan,belum ada data yang ditemukan
706,706,-,belum ada data yang ditemukan,belum ada data yang ditemukan
707,707,-,belum ada data yang ditemukan,belum ada data yang ditemukan
708,708,-,belum ada data yang ditemukan,belum ada data yang ditemukan
709,709,-,belum ada data yang ditemukan,belum ada data yang ditemukan
710,710,-,belum ada data yang ditemukan,belum ada data yang ditemukan
711,711,-,belum ada data yang ditemukan,belum ada data yang ditemukan
712,712,-,belum ada data yang ditemukan,belum ada data yang ditemukan
713,713,-,belum ada data yang ditemukan,belum ada data yang ditemukan
714,714,-,belum ada data yang ditemukan,belum ada data yang ditemukan
715,715,-,belum ada data yang ditemukan,belum ada data yang ditemukan
716,716,-,belum ada data yang ditemukan,belum ada data yang ditemukan
717,717,-,belum ada data yang ditemukan,belum ada data yang ditemukan
718,718,-,belum ada data yang ditemukan,belum ada data yang ditemukan
719,719,-,belum ada data yang ditemukan,belum ada data yang ditemukan
720,720,-,belum ada data yang ditemukan,belum ada data yang ditemukan
721,721,-,belum ada data yang ditemukan,belum ada data yang ditemukan
722,722,-,belum ada data yang ditemukan,belum ada data yang ditemukan
723,723,-,belum ada data yang ditemukan,belum ada data yang ditemukan
724,724,-,belum ada data yang ditemukan,belum ada data yang ditemukan
725,725,Maca Root / Ginseng Korea,Sinergis (Peningkat Stamina & Libido).,"Protodioscin dari Tribulus diyakini meningkatkan reseptor androgen, sementara ginsenosida atau senyawa aktif Maca meningkatkan oksida nitrat (NO) untuk sirkulasi darah. Gabungan ini sangat kuat untuk vitalitas."
726,726,-,belum ada data yang ditemukan,belum ada data yang ditemukan
727,727,-,belum ada data yang ditemukan,belum ada data yang ditemukan
728,728,-,belum ada data yang ditemukan,belum ada data yang ditemukan
729,729,-,belum ada data yang ditemukan,belum ada data yang ditemukan
730,730,-,belum ada data yang ditemukan,belum ada data yang ditemukan
731,731,-,belum ada data yang ditemukan,belum ada data yang ditemukan
732,732,-,belum ada data yang ditemukan,belum ada data yang ditemukan
733,733,-,belum ada data yang ditemukan,belum ada data yang ditemukan
734,734,-,belum ada data yang ditemukan,belum ada data yang ditemukan
735,735,-,belum ada data yang ditemukan,belum ada data yang ditemukan
736,736,-,belum ada data yang ditemukan,belum ada data yang ditemukan
737,737,-,belum ada data yang ditemukan,belum ada data yang ditemukan
738,738,-,belum ada data yang ditemukan,belum ada data yang ditemukan
739,739,-,belum ada data yang ditemukan,belum ada data yang ditemukan
740,740,-,belum ada data yang ditemukan,belum ada data yang ditemukan
741,741,-,belum ada data yang ditemukan,belum ada data yang ditemukan
742,742,-,belum ada data yang ditemukan,belum ada data yang ditemukan
743,743,-,belum ada data yang ditemukan,belum ada data yang ditemukan
744,744,-,belum ada data yang ditemukan,belum ada data yang ditemukan
745,745,-,belum ada data yang ditemukan,belum ada data yang ditemukan
746,746,-,belum ada data yang ditemukan,belum ada data yang ditemukan
747,747,-,belum ada data yang ditemukan,belum ada data yang ditemukan
748,748,-,belum ada data yang ditemukan,belum ada data yang ditemukan
749,749,-,belum ada data yang ditemukan,belum ada data yang ditemukan
750,750,Bawang Putih / Jahe,Sinergis (Hipolipidemik) & Risiko Pendarahan.,"Guggulsteron secara efektif menurunkan kolesterol LDL dan trigliserida. Jika digabungkan dengan Bawang Putih, efek kardioprotektif meningkat tajam, namun guggul juga memiliki aktivitas antiplatelet yang bisa memicu pendarahan."
751,751,-,belum ada data yang ditemukan,belum ada data yang ditemukan
752,752,-,belum ada data yang ditemukan,belum ada data yang ditemukan
753,753,-,belum ada data yang ditemukan,belum ada data yang ditemukan
754,754,-,belum ada data yang ditemukan,belum ada data yang ditemukan
755,755,-,belum ada data yang ditemukan,belum ada data yang ditemukan
756,756,-,belum ada data yang ditemukan,belum ada data yang ditemukan
757,757,-,belum ada data yang ditemukan,belum ada data yang ditemukan
758,758,-,belum ada data yang ditemukan,belum ada data yang ditemukan
759,759,-,belum ada data yang ditemukan,belum ada data yang ditemukan
760,760,-,belum ada data yang ditemukan,belum ada data yang ditemukan
761,761,-,belum ada data yang ditemukan,belum ada data yang ditemukan
762,762,-,belum ada data yang ditemukan,belum ada data yang ditemukan
763,763,-,belum ada data yang ditemukan,belum ada data yang ditemukan
764,764,-,belum ada data yang ditemukan,belum ada data yang ditemukan
765,765,-,belum ada data yang ditemukan,belum ada data yang ditemukan
766,766,-,belum ada data yang ditemukan,belum ada data yang ditemukan
767,767,-,belum ada data yang ditemukan,belum ada data yang ditemukan
768,768,-,belum ada data yang ditemukan,belum ada data yang ditemukan
769,769,-,belum ada data yang ditemukan,belum ada data yang ditemukan
770,770,-,belum ada data yang ditemukan,belum ada data yang ditemukan
771,771,-,belum ada data yang ditemukan,belum ada data yang ditemukan
772,772,-,belum ada data yang ditemukan,belum ada data yang ditemukan
773,773,-,belum ada data yang ditemukan,belum ada data yang ditemukan
774,774,-,belum ada data yang ditemukan,belum ada data yang ditemukan
775,775,Pare (Bitter Melon) / Klabet (Fenugreek),Risiko Hipoglikemia Berat.,Asam gymnemik merangsang sekresi insulin dari pankreas dan memblokir reseptor manis di usus. Penggabungan dengan Pare (yang berisi senyawa mirip insulin) memicu penurunan glukosa darah secara drastis yang berbahaya tanpa pengawasan medis.
776,776,-,belum ada data yang ditemukan,belum ada data yang ditemukan
777,777,-,belum ada data yang ditemukan,belum ada data yang ditemukan
778,778,-,belum ada data yang ditemukan,belum ada data yang ditemukan
779,779,-,belum ada data yang ditemukan,belum ada data yang ditemukan
780,780,-,belum ada data yang ditemukan,belum ada data yang ditemukan
781,781,-,belum ada data yang ditemukan,belum ada data yang ditemukan
782,782,-,belum ada data yang ditemukan,belum ada data yang ditemukan
783,783,-,belum ada data yang ditemukan,belum ada data yang ditemukan
784,784,-,belum ada data yang ditemukan,belum ada data yang ditemukan
785,785,-,belum ada data yang ditemukan,belum ada data yang ditemukan
786,786,-,belum ada data yang ditemukan,belum ada data yang ditemukan
787,787,-,belum ada data yang ditemukan,belum ada data yang ditemukan
788,788,-,belum ada data yang ditemukan,belum ada data yang ditemukan
789,789,-,belum ada data yang ditemukan,belum ada data yang ditemukan
790,790,Kunyit (Curcuma longa),Sinergis Super (Anti-Inflamasi).,"Asam boswellic secara spesifik menghambat enzim 5-LOX (menekan leukotrien), sementara kurkumin dari kunyit menghambat COX-2 (menekan prostaglandin). Kombinasi ini memblokir dua jalur utama peradangan sekaligus, menjadikannya terapi poten untuk osteoarthritis."
791,791,-,belum ada data yang ditemukan,belum ada data yang ditemukan
792,792,-,belum ada data yang ditemukan,belum ada data yang ditemukan
793,793,-,belum ada data yang ditemukan,belum ada data yang ditemukan
794,794,-,belum ada data yang ditemukan,belum ada data yang ditemukan
795,795,-,belum ada data yang ditemukan,belum ada data yang ditemukan
796,796,-,belum ada data yang ditemukan,belum ada data yang ditemukan
797,797,-,belum ada data yang ditemukan,belum ada data yang ditemukan
798,798,-,belum ada data yang ditemukan,belum ada data yang ditemukan
799,799,-,belum ada data yang ditemukan,belum ada data yang ditemukan
800,800,-,belum ada data yang ditemukan,belum ada data yang ditemukan
801,801,Temulawak (Curcuma xanthorrhiza),Sinergis (Hepatoprotektor Super).,"Silymarin dari Milk Thistle menstimulasi regenerasi sel hati (RNA polimerase I), sementara Xanthorrhizol menekan inflamasi hati. Kombinasi ini sangat kuat untuk memulihkan kerusakan liver akibat toksin."
802,802,-,belum ada data yang ditemukan,belum ada data yang ditemukan
803,803,-,belum ada data yang ditemukan,belum ada data yang ditemukan
804,804,-,belum ada data yang ditemukan,belum ada data yang ditemukan
805,805,-,belum ada data yang ditemukan,belum ada data yang ditemukan
806,806,-,belum ada data yang ditemukan,belum ada data yang ditemukan
807,807,-,belum ada data yang ditemukan,belum ada data yang ditemukan
808,808,-,belum ada data yang ditemukan,belum ada data yang ditemukan
809,809,-,belum ada data yang ditemukan,belum ada data yang ditemukan
810,810,-,belum ada data yang ditemukan,belum ada data yang ditemukan
811,811,-,belum ada data yang ditemukan,belum ada data yang ditemukan
812,812,-,belum ada data yang ditemukan,belum ada data yang ditemukan
813,813,-,belum ada data yang ditemukan,belum ada data yang ditemukan
814,814,-,belum ada data yang ditemukan,belum ada data yang ditemukan
815,815,Kunyit (Curcuma longa),Sinergis (Antidiabetes & Antioksidan).,Kombinasi asam klorogenat dari Kelor dan Kurkumin dari Kunyit secara bersamaan memperbaiki sensitivitas insulin dan menekan stres oksidatif pada pankreas.
816,816,-,belum ada data yang ditemukan,belum ada data yang ditemukan
817,817,-,belum ada data yang ditemukan,belum ada data yang ditemukan
818,818,-,belum ada data yang ditemukan,belum ada data yang ditemukan
819,819,-,belum ada data yang ditemukan,belum ada data yang ditemukan
820,820,-,belum ada data yang ditemukan,belum ada data yang ditemukan
821,821,-,belum ada data yang ditemukan,belum ada data yang ditemukan
822,822,-,belum ada data yang ditemukan,belum ada data yang ditemukan
823,823,-,belum ada data yang ditemukan,belum ada data yang ditemukan
824,824,-,belum ada data yang ditemukan,belum ada data yang ditemukan
825,825,-,belum ada data yang ditemukan,belum ada data yang ditemukan
826,826,-,belum ada data yang ditemukan,belum ada data yang ditemukan
827,827,-,belum ada data yang ditemukan,belum ada data yang ditemukan
828,828,-,belum ada data yang ditemukan,belum ada data yang ditemukan
829,829,-,belum ada data yang ditemukan,belum ada data yang ditemukan
830,830,Bawang Putih (Allium sativum),Risiko Pendarahan & Iritasi Lambung.,Keduanya merupakan inhibitor agregasi platelet. Penggunaan dosis tinggi secara bersamaan dapat menyebabkan iritasi mukosa lambung dan memperpanjang waktu pendarahan secara signifikan.
831,831,-,belum ada data yang ditemukan,belum ada data yang ditemukan
832,832,-,belum ada data yang ditemukan,belum ada data yang ditemukan
833,833,-,belum ada data yang ditemukan,belum ada data yang ditemukan
834,834,-,belum ada data yang ditemukan,belum ada data yang ditemukan
835,835,-,belum ada data yang ditemukan,belum ada data yang ditemukan
836,836,-,belum ada data yang ditemukan,belum ada data yang ditemukan
837,837,-,belum ada data yang ditemukan,belum ada data yang ditemukan
838,838,-,belum ada data yang ditemukan,belum ada data yang ditemukan
839,839,-,belum ada data yang ditemukan,belum ada data yang ditemukan
840,840,-,belum ada data yang ditemukan,belum ada data yang ditemukan
841,841,-,belum ada data yang ditemukan,belum ada data yang ditemukan
842,842,-,belum ada data yang ditemukan,belum ada data yang ditemukan
843,843,-,belum ada data yang ditemukan,belum ada data yang ditemukan
844,844,-,belum ada data yang ditemukan,belum ada data yang ditemukan
845,845,Ginkgo Biloba,Sinergis Nootropik (Meningkatkan Fungsi Kognitif/Otak).,"Ginkgolides melebarkan pembuluh darah otak (vasodilatasi) untuk suplai oksigen, sementara asiaticoside menstimulasi perbaikan dendrit dan mengurangi stres oksidatif di hipokampus."
846,846,-,belum ada data yang ditemukan,belum ada data yang ditemukan
847,847,-,belum ada data yang ditemukan,belum ada data yang ditemukan
848,848,-,belum ada data yang ditemukan,belum ada data yang ditemukan
849,849,-,belum ada data yang ditemukan,belum ada data yang ditemukan
850,850,-,belum ada data yang ditemukan,belum ada data yang ditemukan
851,851,-,belum ada data yang ditemukan,belum ada data yang ditemukan
852,852,-,belum ada data yang ditemukan,belum ada data yang ditemukan
853,853,-,belum ada data yang ditemukan,belum ada data yang ditemukan
854,854,-,belum ada data yang ditemukan,belum ada data yang ditemukan
855,855,-,belum ada data yang ditemukan,belum ada data yang ditemukan
856,856,-,belum ada data yang ditemukan,belum ada data yang ditemukan
857,857,-,belum ada data yang ditemukan,belum ada data yang ditemukan
858,858,-,belum ada data yang ditemukan,belum ada data yang ditemukan
859,859,-,belum ada data yang ditemukan,belum ada data yang ditemukan
860,860,Akar Manis (Licorice),Risiko Hipokalemia Parah (Kekurangan Kalium Fatal).,Senna merangsang peristaltik usus yang memicu hilangnya elektrolit (kalium) via feses. Akar manis mengandung glycyrrhizin yang menyebabkan ekskresi kalium di ginjal. Kombinasi ini dapat memicu aritmia jantung.
861,861,-,belum ada data yang ditemukan,belum ada data yang ditemukan
862,862,-,belum ada data yang ditemukan,belum ada data yang ditemukan
863,863,-,belum ada data yang ditemukan,belum ada data yang ditemukan
864,864,-,belum ada data yang ditemukan,belum ada data yang ditemukan
865,865,-,belum ada data yang ditemukan,belum ada data yang ditemukan
866,866,-,belum ada data yang ditemukan,belum ada data yang ditemukan
867,867,-,belum ada data yang ditemukan,belum ada data yang ditemukan
868,868,-,belum ada data yang ditemukan,belum ada data yang ditemukan
869,869,-,belum ada data yang ditemukan,belum ada data yang ditemukan
870,870,-,belum ada data yang ditemukan,belum ada data yang ditemukan
871,871,-,belum ada data yang ditemukan,belum ada data yang ditemukan
872,872,-,belum ada data yang ditemukan,belum ada data yang ditemukan
873,873,-,belum ada data yang ditemukan,belum ada data yang ditemukan
874,874,-,belum ada data yang ditemukan,belum ada data yang ditemukan
875,875,Teh Hijau (Camellia sinensis),Sinergis Super (Bioenhancer Kuat).,"Senyawa Piperine dalam Lada Hitam menghambat glukuronidasi EGCG (katekin Teh Hijau) di mukosa usus dan hati, sehingga secara drastis meningkatkan kadar EGCG dalam darah untuk efek pembakaran lemak."
876,876,-,belum ada data yang ditemukan,belum ada data yang ditemukan
877,877,-,belum ada data yang ditemukan,belum ada data yang ditemukan
878,878,-,belum ada data yang ditemukan,belum ada data yang ditemukan
879,879,-,belum ada data yang ditemukan,belum ada data yang ditemukan
880,880,-,belum ada data yang ditemukan,belum ada data yang ditemukan
881,881,-,belum ada data yang ditemukan,belum ada data yang ditemukan
882,882,-,belum ada data yang ditemukan,belum ada data yang ditemukan
883,883,-,belum ada data yang ditemukan,belum ada data yang ditemukan
884,884,-,belum ada data yang ditemukan,belum ada data yang ditemukan
885,885,-,belum ada data yang ditemukan,belum ada data yang ditemukan
886,886,-,belum ada data yang ditemukan,belum ada data yang ditemukan
887,887,-,belum ada data yang ditemukan,belum ada data yang ditemukan
888,888,-,belum ada data yang ditemukan,belum ada data yang ditemukan
889,889,-,belum ada data yang ditemukan,belum ada data yang ditemukan
890,890,Jahe (Zingiber officinale),Sinergis (Imunomodulator & Bronkodilator).,"Thymoquinone dari jintan hitam menstabilkan sel mast (mencegah alergi), sementara gingerol dari jahe menekan sintesis prostaglandin. Kombinasi ini merupakan terapi komplementer yang sangat baik untuk asma."
891,891,-,belum ada data yang ditemukan,belum ada data yang ditemukan
892,892,-,belum ada data yang ditemukan,belum ada data yang ditemukan
893,893,-,belum ada data yang ditemukan,belum ada data yang ditemukan
894,894,-,belum ada data yang ditemukan,belum ada data yang ditemukan
895,895,-,belum ada data yang ditemukan,belum ada data yang ditemukan
896,896,-,belum ada data yang ditemukan,belum ada data yang ditemukan
897,897,-,belum ada data yang ditemukan,belum ada data yang ditemukan
898,898,-,belum ada data yang ditemukan,belum ada data yang ditemukan
899,899,-,belum ada data yang ditemukan,belum ada data yang ditemukan
900,900,-,belum ada data yang ditemukan,belum ada data yang ditemukan
901,901,Meniran (Phyllanthus niruri),Sinergis Super (Imunomodulator & Hepatoprotektor).,"Andrographolide pada sambiloto merangsang sistem imun spesifik, sementara phyllanthin pada meniran bertindak sebagai imunostimulan non-spesifik dan melindungi fungsi hati saat melawan infeksi virus berat."
902,902,-,belum ada data yang ditemukan,belum ada data yang ditemukan
903,903,-,belum ada data yang ditemukan,belum ada data yang ditemukan
904,904,-,belum ada data yang ditemukan,belum ada data yang ditemukan
905,905,-,belum ada data yang ditemukan,belum ada data yang ditemukan
906,906,-,belum ada data yang ditemukan,belum ada data yang ditemukan
907,907,-,belum ada data yang ditemukan,belum ada data yang ditemukan
908,908,-,belum ada data yang ditemukan,belum ada data yang ditemukan
909,909,-,belum ada data yang ditemukan,belum ada data yang ditemukan
910,910,-,belum ada data yang ditemukan,belum ada data yang ditemukan
911,911,-,belum ada data yang ditemukan,belum ada data yang ditemukan
912,912,-,belum ada data yang ditemukan,belum ada data yang ditemukan
913,913,-,belum ada data yang ditemukan,belum ada data yang ditemukan
914,914,-,belum ada data yang ditemukan,belum ada data yang ditemukan
915,915,Sarang Semut / Keladi Tikus,Sinergis Toksik (Risiko Beban Ginjal/Hati Tinggi).,"Kombinasi herbal antikanker kuat secara bersamaan dapat menyebabkan toksisitas seluler yang berlebihan, membebani fungsi filtrasi ginjal akibat tingginya residu sel kanker yang mati (Tumor Lysis Syndrome-like effect)."
916,916,-,belum ada data yang ditemukan,belum ada data yang ditemukan
917,917,-,belum ada data yang ditemukan,belum ada data yang ditemukan
918,918,-,belum ada data yang ditemukan,belum ada data yang ditemukan
919,919,-,belum ada data yang ditemukan,belum ada data yang ditemukan
920,920,-,belum ada data yang ditemukan,belum ada data yang ditemukan
921,921,-,belum ada data yang ditemukan,belum ada data yang ditemukan
922,922,-,belum ada data yang ditemukan,belum ada data yang ditemukan
923,923,-,belum ada data yang ditemukan,belum ada data yang ditemukan
924,924,-,belum ada data yang ditemukan,belum ada data yang ditemukan
925,925,-,belum ada data yang ditemukan,belum ada data yang ditemukan
926,926,-,belum ada data yang ditemukan,belum ada data yang ditemukan
927,927,-,belum ada data yang ditemukan,belum ada data yang ditemukan
928,928,-,belum ada data yang ditemukan,belum ada data yang ditemukan
929,929,-,belum ada data yang ditemukan,belum ada data yang ditemukan
930,930,Klembak / Daun Senna,Risiko Dehidrasi & Hilangnya Flora Usus.,"Jati Belanda bertindak sebagai astringen yang memblokir penyerapan nutrisi, sementara Klembak memicu pengeluaran cairan usus secara paksa. Jika disatukan, efek diare akan sulit dikontrol dan menyebabkan malnutrisi akut."
931,931,-,belum ada data yang ditemukan,belum ada data yang ditemukan
932,932,-,belum ada data yang ditemukan,belum ada data yang ditemukan
933,933,-,belum ada data yang ditemukan,belum ada data yang ditemukan
934,934,-,belum ada data yang ditemukan,belum ada data yang ditemukan
935,935,-,belum ada data yang ditemukan,belum ada data yang ditemukan
936,936,-,belum ada data yang ditemukan,belum ada data yang ditemukan
937,937,-,belum ada data yang ditemukan,belum ada data yang ditemukan
938,938,-,belum ada data yang ditemukan,belum ada data yang ditemukan
939,939,-,belum ada data yang ditemukan,belum ada data yang ditemukan
940,940,-,belum ada data yang ditemukan,belum ada data yang ditemukan
941,941,-,belum ada data yang ditemukan,belum ada data yang ditemukan
942,942,-,belum ada data yang ditemukan,belum ada data yang ditemukan
943,943,-,belum ada data yang ditemukan,belum ada data yang ditemukan
944,944,-,belum ada data yang ditemukan,belum ada data yang ditemukan
945,945,-,belum ada data yang ditemukan,belum ada data yang ditemukan
946,946,-,belum ada data yang ditemukan,belum ada data yang ditemukan
947,947,-,belum ada data yang ditemukan,belum ada data yang ditemukan
948,948,-,belum ada data yang ditemukan,belum ada data yang ditemukan
949,949,-,belum ada data yang ditemukan,belum ada data yang ditemukan
950,950,Kencur / Jahe,Sinergis (Antiinflamasi dan Karminatif topikal).,Penggunaan secara topikal (boreh/tapel) dari kombinasi rimpang ini meningkatkan permeabilitas kulit dan memberikan efek analgesik lokal yang sangat efektif untuk memar atau pemulihan pasca melahirkan.
951,951,-,belum ada data yang ditemukan,belum ada data yang ditemukan
952,952,-,belum ada data yang ditemukan,belum ada data yang ditemukan
953,953,-,belum ada data yang ditemukan,belum ada data yang ditemukan
954,954,-,belum ada data yang ditemukan,belum ada data yang ditemukan
955,955,-,belum ada data yang ditemukan,belum ada data yang ditemukan
956,956,-,belum ada data yang ditemukan,belum ada data yang ditemukan
957,957,-,belum ada data yang ditemukan,belum ada data yang ditemukan
958,958,-,belum ada data yang ditemukan,belum ada data yang ditemukan
959,959,-,belum ada data yang ditemukan,belum ada data yang ditemukan
960,960,-,belum ada data yang ditemukan,belum ada data yang ditemukan
961,961,-,belum ada data yang ditemukan,belum ada data yang ditemukan
962,962,-,belum ada data yang ditemukan,belum ada data yang ditemukan
963,963,-,belum ada data yang ditemukan,belum ada data yang ditemukan
964,964,-,belum ada data yang ditemukan,belum ada data yang ditemukan
965,965,-,belum ada data yang ditemukan,belum ada data yang ditemukan
966,966,-,belum ada data yang ditemukan,belum ada data yang ditemukan
967,967,-,belum ada data yang ditemukan,belum ada data yang ditemukan
968,968,-,belum ada data yang ditemukan,belum ada data yang ditemukan
969,969,-,belum ada data yang ditemukan,belum ada data yang ditemukan
970,970,-,belum ada data yang ditemukan,belum ada data yang ditemukan
971,971,-,belum ada data yang ditemukan,belum ada data yang ditemukan
972,972,-,belum ada data yang ditemukan,belum ada data yang ditemukan
973,973,-,belum ada data yang ditemukan,belum ada data yang ditemukan
974,974,-,belum ada data yang ditemukan,belum ada data yang ditemukan
975,975,Kayu Rapet (Parameria laevigata) / Gambir,Risiko Disbiosis Vagina (Vaginal Dryness Ekstrem).,"Kandungan asam tanat (tannic acid) pada majakani dan kayu rapet bersifat astringen sangat kuat. Jika digunakan berlebihan bersamaan, dapat menyebabkan vagina terlalu kering, membunuh flora normal Doderlein, dan meningkatkan risiko lecet/infeksi sekunder."
976,976,-,belum ada data yang ditemukan,belum ada data yang ditemukan
977,977,-,belum ada data yang ditemukan,belum ada data yang ditemukan
978,978,-,belum ada data yang ditemukan,belum ada data yang ditemukan
979,979,-,belum ada data yang ditemukan,belum ada data yang ditemukan
980,980,-,belum ada data yang ditemukan,belum ada data yang ditemukan
981,981,-,belum ada data yang ditemukan,belum ada data yang ditemukan
982,982,-,belum ada data yang ditemukan,belum ada data yang ditemukan
983,983,-,belum ada data yang ditemukan,belum ada data yang ditemukan
984,984,-,belum ada data yang ditemukan,belum ada data yang ditemukan
985,985,-,belum ada data yang ditemukan,belum ada data yang ditemukan
986,986,-,belum ada data yang ditemukan,belum ada data yang ditemukan
987,987,-,belum ada data yang ditemukan,belum ada data yang ditemukan
988,988,-,belum ada data yang ditemukan,belum ada data yang ditemukan
989,989,-,belum ada data yang ditemukan,belum ada data yang ditemukan
990,990,-,belum ada data yang ditemukan,belum ada data yang ditemukan
991,991,-,belum ada data yang ditemukan,belum ada data yang ditemukan
992,992,-,belum ada data yang ditemukan,belum ada data yang ditemukan
993,993,-,belum ada data yang ditemukan,belum ada data yang ditemukan
994,994,-,belum ada data yang ditemukan,belum ada data yang ditemukan
995,995,-,belum ada data yang ditemukan,belum ada data yang ditemukan
996,996,-,belum ada data yang ditemukan,belum ada data yang ditemukan
997,997,-,belum ada data yang ditemukan,belum ada data yang ditemukan
998,998,-,belum ada data yang ditemukan,belum ada data yang ditemukan
999,999,-,belum ada data yang ditemukan,belum ada data yang ditemukan
1000,1000,-,belum ada data yang ditemukan,belum ada data yang ditemukan