id,herbal_id,kondisi,status,keterangan
1,1,Batu Empedu (Cholelithiasis),Kontraindikasi,"Efek: Risiko penyumbatan saluran empedu dan kolik (nyeri hebat). Mekanisme: Temulawak bersifat kolagogum (merangsang produksi dan kontraksi kantung empedu). Jika ada batu, kontraksi ini bisa mendorong batu menyumbat saluran empedu."
2,2,Gangguan Pendarahan (Hemofilia / Trombositopenia),Kontraindikasi,Efek: Memperlama waktu pendarahan spontan. Mekanisme: Senyawa kurkumin menghambat jalur agregasi trombosit secara alami.
3,2,Penyakit Refluks Gastroesofageal (GERD) Parah,Peringatan,Efek: Iritasi lambung jika dosis tinggi. Mekanisme: Kunyit merangsang sekresi asam lambung berlebih pada individu yang sangat sensitif.
4,3,Menjelang Operasi (Pembedahan),Kontraindikasi,"Efek: Risiko pendarahan masif di meja operasi. Mekanisme: Gingerol dan shogaol menekan enzim tromboksan, menghambat pembekuan darah. Wajib distop 2 minggu sebelum operasi."
5,4,-,belum ada data yang ditemukan,belum ada data yang ditemukan
6,5,-,belum ada data yang ditemukan,belum ada data yang ditemukan
7,6,Kehamilan,Kontraindikasi Fatal,Efek: Risiko keguguran (Abortifacient). Mekanisme: Sambiloto dilaporkan memiliki efek menghentikan perkembangan trofoblas janin dan memicu kontraksi uterus.
8,6,"Penyakit Autoimun (Lupus, MS, Rheumatoid Arthritis)",Kontraindikasi,"Efek: Memperburuk gejala (Flare-up). Mekanisme: Sebagai imunostimulan kuat, sambiloto mengaktifkan sel imun yang justru sedang menyerang jaringan tubuh sendiri."
9,7,Penyakit Autoimun,Kontraindikasi,Efek: Memperparah peradangan autoimun. Mekanisme: Menstimulasi sistem imun (imunomodulator dominan ke arah stimulasi) yang berlawanan dengan kebutuhan imunosupresi pasien autoimun.
10,8,Gagal Ginjal Kronis & Edema Jantung,Kontraindikasi Mayor,"Efek: Komplikasi ekskresi cairan dan hiperkalemia. Mekanisme: Ginjal yang rusak tidak mampu memproses efek diuretik kuat dan asupan kalium tinggi dari kumis kucing, menyebabkan penumpukan di jantung."
11,9,"Penyakit Hati (Hepatitis, Sirosis)",Peringatan Keras,Efek: Hepatotoksisitas (Kerusakan Hati Akut). Mekanisme: Konsumsi pegagan oral dosis tinggi dalam jangka panjang (di atas 6 minggu) dilaporkan memberi beban toksik pada sel-sel hepatosit hati.
12,10,Sembelit Kronis (Konstipasi),Kontraindikasi,Efek: Menyebabkan obstruksi usus lambat. Mekanisme: Kandungan tanin sangat tinggi bersifat astringen (menciutkan mukosa) dan menghambat gerak peristaltik usus yang sudah lemah.
13,11,Gagal Ginjal (End-Stage Renal Disease),Kontraindikasi Fatal,"Efek: Henti jantung mendadak akibat Hiperkalemia. Mekanisme: Mengkudu (jus/buah) memiliki kadar Kalium (Potassium) sangat ekstrem. Ginjal yang gagal tidak bisa membuangnya, sehingga kalium merusak kelistrikan jantung."
14,11,Penyakit Liver / Sirosis,Kontraindikasi,Efek: Kerusakan hati tambahan. Mekanisme: Kandungan antrakuinon pada mengkudu dilaporkan bersifat hepatotoksik pada pasien yang sudah memiliki penyakit hati dasar.
15,12,Kehamilan,Kontraindikasi Mayor,Efek: Kontraksi prematur atau cacat janin. Mekanisme: Zat aktifnya bersifat sitotoksik dan uterotonik (memacu kontraksi otot rahim kuat). Sangat dilarang untuk ibu hamil.
16,13,-,belum ada data yang ditemukan,belum ada data yang ditemukan
17,14,-,belum ada data yang ditemukan,belum ada data yang ditemukan
18,15,-,belum ada data yang ditemukan,belum ada data yang ditemukan
19,16,-,belum ada data yang ditemukan,belum ada data yang ditemukan
20,17,Ulkus Peptikum (Tukak Lambung Berdarah),Kontraindikasi,Efek: Iritasi mukosa dan pendarahan lambung. Mekanisme: Allicin sangat mengiritasi jaringan lambung yang sudah luka dan secara bersamaan mencegah darah di area luka membeku.
21,18,Kerusakan Hati (Hepatitis C / Sirosis),Peringatan,Efek: Toksisitas hepatoseluler. Mekanisme: Kayu manis jenis Cassia (yang banyak beredar di Indonesia) mengandung kadar kumarin yang tinggi yang membebani kerja liver.
22,19,"Radang Usus (Crohn's Disease, Ulcerative Colitis) & Wasir",Kontraindikasi Mayor,Efek: Nyeri kram usus parah dan diare berdarah. Mekanisme: Aloin pada lateks lidah buaya adalah laksatif iritan keras yang memicu peradangan mukosa dan hiperperistaltik usus.
23,20,Kehamilan,Kontraindikasi,Efek: Risiko gangguan perkembangan janin. Mekanisme: Brotowali memiliki sifat sitotoksik dan efek hormonal yang dapat membahayakan kehamilan.
24,21,Kehamilan,Kontraindikasi Fatal,Efek: Memicu perdarahan rahim dan keguguran. Mekanisme: Senyawa protein seperti momorcharin memiliki aktivitas abortifacient (penggugur kandungan) secara langsung.
25,22,-,belum ada data yang ditemukan,belum ada data yang ditemukan
26,23,-,belum ada data yang ditemukan,belum ada data yang ditemukan
27,24,-,belum ada data yang ditemukan,belum ada data yang ditemukan
28,25,-,belum ada data yang ditemukan,belum ada data yang ditemukan
29,26,-,belum ada data yang ditemukan,belum ada data yang ditemukan
30,27,Kehamilan Dosis Ekstrak Terapeutik,Peringatan,Efek: Memicu kontraksi uterus ringan. Mekanisme: Minyak esensial jintan hitam dosis tinggi dapat bertindak sebagai emmenagogue (peluruh haid).
31,28,-,belum ada data yang ditemukan,belum ada data yang ditemukan
32,29,-,belum ada data yang ditemukan,belum ada data yang ditemukan
33,30,-,belum ada data yang ditemukan,belum ada data yang ditemukan
34,31,-,belum ada data yang ditemukan,belum ada data yang ditemukan
35,32,-,belum ada data yang ditemukan,belum ada data yang ditemukan
36,33,-,belum ada data yang ditemukan,belum ada data yang ditemukan
37,34,-,belum ada data yang ditemukan,belum ada data yang ditemukan
38,35,-,belum ada data yang ditemukan,belum ada data yang ditemukan
39,36,-,belum ada data yang ditemukan,belum ada data yang ditemukan
40,37,-,belum ada data yang ditemukan,belum ada data yang ditemukan
41,38,-,belum ada data yang ditemukan,belum ada data yang ditemukan
42,39,-,belum ada data yang ditemukan,belum ada data yang ditemukan
43,40,-,belum ada data yang ditemukan,belum ada data yang ditemukan
44,41,-,belum ada data yang ditemukan,belum ada data yang ditemukan
45,42,-,belum ada data yang ditemukan,belum ada data yang ditemukan
46,43,-,belum ada data yang ditemukan,belum ada data yang ditemukan
47,44,Penyakit Ginjal Kronis & Batu Ginjal,Kontraindikasi Fatal,"Efek: Gagal Ginjal Akut (Oxalate Nephropathy). Mekanisme: Kandungan asam oksalat pada belimbing wuluh sangat ekstrem. Mengonsumsi jusnya dapat memicu penumpukan kristal kalsium oksalat langsung di tubulus ginjal, menyumbat nefron secara ireversibel."
48,45,-,belum ada data yang ditemukan,belum ada data yang ditemukan
49,46,-,belum ada data yang ditemukan,belum ada data yang ditemukan
50,47,-,belum ada data yang ditemukan,belum ada data yang ditemukan
51,48,-,belum ada data yang ditemukan,belum ada data yang ditemukan
52,49,-,belum ada data yang ditemukan,belum ada data yang ditemukan
53,50,-,belum ada data yang ditemukan,belum ada data yang ditemukan
54,51,-,belum ada data yang ditemukan,belum ada data yang ditemukan
55,52,-,belum ada data yang ditemukan,belum ada data yang ditemukan
56,53,-,belum ada data yang ditemukan,belum ada data yang ditemukan
57,54,-,belum ada data yang ditemukan,belum ada data yang ditemukan
58,55,-,belum ada data yang ditemukan,belum ada data yang ditemukan
59,56,-,belum ada data yang ditemukan,belum ada data yang ditemukan
60,57,-,belum ada data yang ditemukan,belum ada data yang ditemukan
61,58,-,belum ada data yang ditemukan,belum ada data yang ditemukan
62,59,-,belum ada data yang ditemukan,belum ada data yang ditemukan
63,60,-,belum ada data yang ditemukan,belum ada data yang ditemukan
64,61,-,belum ada data yang ditemukan,belum ada data yang ditemukan
65,62,-,belum ada data yang ditemukan,belum ada data yang ditemukan
66,63,-,belum ada data yang ditemukan,belum ada data yang ditemukan
67,64,-,belum ada data yang ditemukan,belum ada data yang ditemukan
68,65,-,belum ada data yang ditemukan,belum ada data yang ditemukan
69,66,-,belum ada data yang ditemukan,belum ada data yang ditemukan
70,67,-,belum ada data yang ditemukan,belum ada data yang ditemukan
71,68,-,belum ada data yang ditemukan,belum ada data yang ditemukan
72,69,-,belum ada data yang ditemukan,belum ada data yang ditemukan
73,70,-,belum ada data yang ditemukan,belum ada data yang ditemukan
74,71,-,belum ada data yang ditemukan,belum ada data yang ditemukan
75,72,-,belum ada data yang ditemukan,belum ada data yang ditemukan
76,73,-,belum ada data yang ditemukan,belum ada data yang ditemukan
77,74,-,belum ada data yang ditemukan,belum ada data yang ditemukan
78,75,-,belum ada data yang ditemukan,belum ada data yang ditemukan
79,76,-,belum ada data yang ditemukan,belum ada data yang ditemukan
80,77,-,belum ada data yang ditemukan,belum ada data yang ditemukan
81,78,-,belum ada data yang ditemukan,belum ada data yang ditemukan
82,79,-,belum ada data yang ditemukan,belum ada data yang ditemukan
83,80,-,belum ada data yang ditemukan,belum ada data yang ditemukan
84,81,-,belum ada data yang ditemukan,belum ada data yang ditemukan
85,82,-,belum ada data yang ditemukan,belum ada data yang ditemukan
86,83,-,belum ada data yang ditemukan,belum ada data yang ditemukan
87,84,-,belum ada data yang ditemukan,belum ada data yang ditemukan
88,85,Radang Usus & Apendisitis (Usus Buntu),Kontraindikasi Mayor,Efek: Eksaserbasi peradangan dan nyeri hebat. Mekanisme: Efek iritasi dari senyawa antrakuinon klembak memaksa usus yang sedang meradang untuk melakukan peristaltik yang sangat kuat.
89,86,-,belum ada data yang ditemukan,belum ada data yang ditemukan
90,87,-,belum ada data yang ditemukan,belum ada data yang ditemukan
91,88,-,belum ada data yang ditemukan,belum ada data yang ditemukan
92,89,-,belum ada data yang ditemukan,belum ada data yang ditemukan
93,90,-,belum ada data yang ditemukan,belum ada data yang ditemukan
94,91,Kehamilan,Peringatan / Kontraindikasi,Efek: Risiko kontraksi prematur. Mekanisme: Getah/enzim papain mentah dalam konsentrasi tinggi dapat bertindak seperti prostaglandin dan oksitosin yang merangsang rahim.
95,92,-,belum ada data yang ditemukan,belum ada data yang ditemukan
96,93,-,belum ada data yang ditemukan,belum ada data yang ditemukan
97,94,-,belum ada data yang ditemukan,belum ada data yang ditemukan
98,95,-,belum ada data yang ditemukan,belum ada data yang ditemukan
99,96,-,belum ada data yang ditemukan,belum ada data yang ditemukan
100,97,-,belum ada data yang ditemukan,belum ada data yang ditemukan
101,98,-,belum ada data yang ditemukan,belum ada data yang ditemukan
102,99,-,belum ada data yang ditemukan,belum ada data yang ditemukan
103,100,-,belum ada data yang ditemukan,belum ada data yang ditemukan
104,101,Gangguan Pendarahan & Pra-Operasi,Kontraindikasi,Efek: Pendarahan spontan atau pendarahan masif saat pembedahan. Mekanisme: Ginkgo menghambat Platelet-Activating Factor (PAF) sehingga darah sulit membeku. Wajib distop 2 minggu sebelum operasi.
105,101,Epilepsi / Riwayat Kejang,Peringatan,Efek: Memicu serangan kejang. Mekanisme: Biji ginkgo (dan terkadang ekstrak daun yang tidak murni) mengandung ginkgotoxin yang menurunkan ambang batas kejang di otak.
106,102,-,belum ada data yang ditemukan,belum ada data yang ditemukan
107,103,-,belum ada data yang ditemukan,belum ada data yang ditemukan
108,104,-,belum ada data yang ditemukan,belum ada data yang ditemukan
109,105,-,belum ada data yang ditemukan,belum ada data yang ditemukan
110,106,-,belum ada data yang ditemukan,belum ada data yang ditemukan
111,107,-,belum ada data yang ditemukan,belum ada data yang ditemukan
112,108,"Penyakit Autoimun (Lupus, Multiple Sclerosis, RA)",Kontraindikasi,"Efek: Memperburuk gejala inflamasi autoimun (flare-up). Mekanisme: Echinacea adalah imunostimulan yang merangsang sel T dan makrofag, sehingga memperkuat sistem imun yang justru sedang menyerang jaringan tubuh sendiri."
113,108,TBC (Tuberkulosis) & HIV/AIDS,Kontraindikasi,Efek: Progresi penyakit tidak terprediksi. Mekanisme: Stimulasi imun pada pasien dengan infeksi kronis sistemik yang merusak sel darah putih dapat memperburuk viral/bacterial load secara paradoksikal.
114,109,-,belum ada data yang ditemukan,belum ada data yang ditemukan
115,110,-,belum ada data yang ditemukan,belum ada data yang ditemukan
116,111,-,belum ada data yang ditemukan,belum ada data yang ditemukan
117,112,Gangguan Bipolar & Skizofrenia,Kontraindikasi Mayor,"Efek: Memicu episode mania atau psikosis akut. Mekanisme: St. John's Wort bertindak sebagai inhibitor reuptake monoamine, meningkatkan kadar serotonin, dopamin, dan norepinefrin di otak yang memicu disregulasi mood parah pada pasien bipolar."
118,112,Sensitivitas Cahaya Matahari (Fotosensitivitas),Peringatan,"Efek: Reaksi fototoksik (kulit melepuh terbakar matahari). Mekanisme: Senyawa hypericin dosis tinggi menumpuk di kulit dan bereaksi dengan sinar UV, menyebabkan kerusakan oksidatif pada jaringan kulit."
119,113,-,belum ada data yang ditemukan,belum ada data yang ditemukan
120,114,-,belum ada data yang ditemukan,belum ada data yang ditemukan
121,115,-,belum ada data yang ditemukan,belum ada data yang ditemukan
122,116,-,belum ada data yang ditemukan,belum ada data yang ditemukan
123,117,-,belum ada data yang ditemukan,belum ada data yang ditemukan
124,118,-,belum ada data yang ditemukan,belum ada data yang ditemukan
125,119,-,belum ada data yang ditemukan,belum ada data yang ditemukan
126,120,-,belum ada data yang ditemukan,belum ada data yang ditemukan
127,121,-,belum ada data yang ditemukan,belum ada data yang ditemukan
128,122,"Gangguan Hati (Hepatitis, Sirosis)",Peringatan Keras,Efek: Hepatotoksisitas mematikan (pada dosis ekstrak tinggi). Mekanisme: Konsentrasi katekin EGCG murni yang sangat tinggi bersifat hepatotoksik dan dapat memicu gagal hati akut pada individu dengan enzim liver yang sudah terganggu.
129,122,Glaukoma,Kontraindikasi,Efek: Peningkatan tekanan intraokular (TIO). Mekanisme: Kandungan kafein dapat memicu penyempitan pembuluh darah okular yang menyebabkan tekanan cairan di dalam bola mata naik selama beberapa jam.
130,123,-,belum ada data yang ditemukan,belum ada data yang ditemukan
131,124,-,belum ada data yang ditemukan,belum ada data yang ditemukan
132,125,-,belum ada data yang ditemukan,belum ada data yang ditemukan
133,126,-,belum ada data yang ditemukan,belum ada data yang ditemukan
134,127,-,belum ada data yang ditemukan,belum ada data yang ditemukan
135,128,-,belum ada data yang ditemukan,belum ada data yang ditemukan
136,129,-,belum ada data yang ditemukan,belum ada data yang ditemukan
137,130,-,belum ada data yang ditemukan,belum ada data yang ditemukan
138,131,-,belum ada data yang ditemukan,belum ada data yang ditemukan
139,132,-,belum ada data yang ditemukan,belum ada data yang ditemukan
140,133,-,belum ada data yang ditemukan,belum ada data yang ditemukan
141,134,-,belum ada data yang ditemukan,belum ada data yang ditemukan
142,135,-,belum ada data yang ditemukan,belum ada data yang ditemukan
143,136,-,belum ada data yang ditemukan,belum ada data yang ditemukan
144,137,-,belum ada data yang ditemukan,belum ada data yang ditemukan
145,138,-,belum ada data yang ditemukan,belum ada data yang ditemukan
146,139,-,belum ada data yang ditemukan,belum ada data yang ditemukan
147,140,-,belum ada data yang ditemukan,belum ada data yang ditemukan
148,141,-,belum ada data yang ditemukan,belum ada data yang ditemukan
149,142,-,belum ada data yang ditemukan,belum ada data yang ditemukan
150,143,-,belum ada data yang ditemukan,belum ada data yang ditemukan
151,144,-,belum ada data yang ditemukan,belum ada data yang ditemukan
152,145,-,belum ada data yang ditemukan,belum ada data yang ditemukan
153,146,-,belum ada data yang ditemukan,belum ada data yang ditemukan
154,147,-,belum ada data yang ditemukan,belum ada data yang ditemukan
155,148,-,belum ada data yang ditemukan,belum ada data yang ditemukan
156,149,-,belum ada data yang ditemukan,belum ada data yang ditemukan
157,150,-,belum ada data yang ditemukan,belum ada data yang ditemukan
158,151,-,belum ada data yang ditemukan,belum ada data yang ditemukan
159,152,-,belum ada data yang ditemukan,belum ada data yang ditemukan
160,153,-,belum ada data yang ditemukan,belum ada data yang ditemukan
161,154,-,belum ada data yang ditemukan,belum ada data yang ditemukan
162,155,"Obstruksi Usus, Apendisitis, & Penyakit Crohn",Kontraindikasi Fatal,"Efek: Nyeri hebat, perdarahan internal, hingga perforasi (kebocoran) usus. Mekanisme: Senna merangsang kontraksi otot dinding usus secara paksa (laksatif stimulan). Hal ini sangat berbahaya jika ada sumbatan fisik atau luka inflamasi akut di saluran cerna."
163,156,-,belum ada data yang ditemukan,belum ada data yang ditemukan
164,157,-,belum ada data yang ditemukan,belum ada data yang ditemukan
165,158,-,belum ada data yang ditemukan,belum ada data yang ditemukan
166,159,-,belum ada data yang ditemukan,belum ada data yang ditemukan
167,160,-,belum ada data yang ditemukan,belum ada data yang ditemukan
168,161,-,belum ada data yang ditemukan,belum ada data yang ditemukan
169,162,-,belum ada data yang ditemukan,belum ada data yang ditemukan
170,163,-,belum ada data yang ditemukan,belum ada data yang ditemukan
171,164,-,belum ada data yang ditemukan,belum ada data yang ditemukan
172,165,-,belum ada data yang ditemukan,belum ada data yang ditemukan
173,166,-,belum ada data yang ditemukan,belum ada data yang ditemukan
174,167,-,belum ada data yang ditemukan,belum ada data yang ditemukan
175,168,-,belum ada data yang ditemukan,belum ada data yang ditemukan
176,169,-,belum ada data yang ditemukan,belum ada data yang ditemukan
177,170,-,belum ada data yang ditemukan,belum ada data yang ditemukan
178,171,-,belum ada data yang ditemukan,belum ada data yang ditemukan
179,172,-,belum ada data yang ditemukan,belum ada data yang ditemukan
180,173,-,belum ada data yang ditemukan,belum ada data yang ditemukan
181,174,-,belum ada data yang ditemukan,belum ada data yang ditemukan
182,175,-,belum ada data yang ditemukan,belum ada data yang ditemukan
183,176,-,belum ada data yang ditemukan,belum ada data yang ditemukan
184,177,-,belum ada data yang ditemukan,belum ada data yang ditemukan
185,178,-,belum ada data yang ditemukan,belum ada data yang ditemukan
186,179,-,belum ada data yang ditemukan,belum ada data yang ditemukan
187,180,-,belum ada data yang ditemukan,belum ada data yang ditemukan
188,181,-,belum ada data yang ditemukan,belum ada data yang ditemukan
189,182,-,belum ada data yang ditemukan,belum ada data yang ditemukan
190,183,-,belum ada data yang ditemukan,belum ada data yang ditemukan
191,184,-,belum ada data yang ditemukan,belum ada data yang ditemukan
192,185,"Hipertensi, Gagal Jantung, & Hipokalemia",Kontraindikasi Mayor,"Efek: Peningkatan tekanan darah drastis, edema (bengkak air paru/kaki), dan gangguan irama jantung (aritmia). Mekanisme: Glycyrrhizin memicu sindrom pseudoaldosteronisme yang memaksa ginjal untuk menahan natrium dan air secara masif, sekaligus membuang kalium berharga dari tubuh."
193,186,-,belum ada data yang ditemukan,belum ada data yang ditemukan
194,187,-,belum ada data yang ditemukan,belum ada data yang ditemukan
195,188,-,belum ada data yang ditemukan,belum ada data yang ditemukan
196,189,-,belum ada data yang ditemukan,belum ada data yang ditemukan
197,190,-,belum ada data yang ditemukan,belum ada data yang ditemukan
198,191,-,belum ada data yang ditemukan,belum ada data yang ditemukan
199,192,-,belum ada data yang ditemukan,belum ada data yang ditemukan
200,193,-,belum ada data yang ditemukan,belum ada data yang ditemukan
201,194,-,belum ada data yang ditemukan,belum ada data yang ditemukan
202,195,-,belum ada data yang ditemukan,belum ada data yang ditemukan
203,196,-,belum ada data yang ditemukan,belum ada data yang ditemukan
204,197,-,belum ada data yang ditemukan,belum ada data yang ditemukan
205,198,-,belum ada data yang ditemukan,belum ada data yang ditemukan
206,199,-,belum ada data yang ditemukan,belum ada data yang ditemukan
207,200,-,belum ada data yang ditemukan,belum ada data yang ditemukan
208,201,"Penyakit Hati (Hepatitis, Sirosis) & Depresi SSP",Kontraindikasi Fatal,Efek: Kerusakan hati parah (hepatotoksisitas) hingga gagal hati akut. Mekanisme: Senyawa kavalactones dilaporkan sangat toksik terhadap sel hepatosit (liver) pada beberapa individu. Dilarang keras bagi penderita penyakit hati.
209,202,-,belum ada data yang ditemukan,belum ada data yang ditemukan
210,203,-,belum ada data yang ditemukan,belum ada data yang ditemukan
211,204,-,belum ada data yang ditemukan,belum ada data yang ditemukan
212,205,-,belum ada data yang ditemukan,belum ada data yang ditemukan
213,206,-,belum ada data yang ditemukan,belum ada data yang ditemukan
214,207,-,belum ada data yang ditemukan,belum ada data yang ditemukan
215,208,-,belum ada data yang ditemukan,belum ada data yang ditemukan
216,209,-,belum ada data yang ditemukan,belum ada data yang ditemukan
217,210,-,belum ada data yang ditemukan,belum ada data yang ditemukan
218,211,-,belum ada data yang ditemukan,belum ada data yang ditemukan
219,212,-,belum ada data yang ditemukan,belum ada data yang ditemukan
220,213,-,belum ada data yang ditemukan,belum ada data yang ditemukan
221,214,-,belum ada data yang ditemukan,belum ada data yang ditemukan
222,215,Alergi Serbuk Sari (Keluarga Asteraceae/Compositae),Kontraindikasi,"Efek: Reaksi alergi parah (anafilaksis), ruam kulit, hingga sesak napas. Mekanisme: Chamomile berkerabat dengan ragweed, krisan, dan marigold. Individu yang alergi terhadap tanaman tersebut memiliki risiko tinggi mengalami reaksi silang (cross-reactivity) saat mengonsumsi chamomile."
223,216,-,belum ada data yang ditemukan,belum ada data yang ditemukan
224,217,-,belum ada data yang ditemukan,belum ada data yang ditemukan
225,218,-,belum ada data yang ditemukan,belum ada data yang ditemukan
226,219,-,belum ada data yang ditemukan,belum ada data yang ditemukan
227,220,-,belum ada data yang ditemukan,belum ada data yang ditemukan
228,221,-,belum ada data yang ditemukan,belum ada data yang ditemukan
229,222,-,belum ada data yang ditemukan,belum ada data yang ditemukan
230,223,-,belum ada data yang ditemukan,belum ada data yang ditemukan
231,224,-,belum ada data yang ditemukan,belum ada data yang ditemukan
232,225,-,belum ada data yang ditemukan,belum ada data yang ditemukan
233,226,-,belum ada data yang ditemukan,belum ada data yang ditemukan
234,227,-,belum ada data yang ditemukan,belum ada data yang ditemukan
235,228,-,belum ada data yang ditemukan,belum ada data yang ditemukan
236,229,-,belum ada data yang ditemukan,belum ada data yang ditemukan
237,230,"Obstruksi Usus, Radang Usus Buntu (Apendisitis), Nyeri Perut Akut",Kontraindikasi Fatal,"Efek: Perforasi (kebocoran) usus yang mengancam nyawa. Mekanisme: Senna memaksa otot dinding usus untuk berkontraksi sangat keras. Jika ada sumbatan fisik atau radang usus buntu yang meradang akut, tekanan paksa ini bisa memicu robeknya dinding usus."
238,231,-,belum ada data yang ditemukan,belum ada data yang ditemukan
239,232,-,belum ada data yang ditemukan,belum ada data yang ditemukan
240,233,-,belum ada data yang ditemukan,belum ada data yang ditemukan
241,234,-,belum ada data yang ditemukan,belum ada data yang ditemukan
242,235,-,belum ada data yang ditemukan,belum ada data yang ditemukan
243,236,-,belum ada data yang ditemukan,belum ada data yang ditemukan
244,237,-,belum ada data yang ditemukan,belum ada data yang ditemukan
245,238,-,belum ada data yang ditemukan,belum ada data yang ditemukan
246,239,-,belum ada data yang ditemukan,belum ada data yang ditemukan
247,240,-,belum ada data yang ditemukan,belum ada data yang ditemukan
248,241,-,belum ada data yang ditemukan,belum ada data yang ditemukan
249,242,-,belum ada data yang ditemukan,belum ada data yang ditemukan
250,243,-,belum ada data yang ditemukan,belum ada data yang ditemukan
251,244,-,belum ada data yang ditemukan,belum ada data yang ditemukan
252,245,Hipertensi Tidak Terkontrol & Insomnia Berat,Peringatan Keras,"Efek: Sindrom penyalahgunaan ginseng (Lonjakan tekanan darah, insomnia, ruam kulit, dan agitasi). Mekanisme: Ginsenoside memiliki efek stimulasi pada sistem saraf pusat dan kardiovaskular, yang secara langsung dapat memperburuk keluhan tekanan darah dan ritme tidur."
253,246,-,belum ada data yang ditemukan,belum ada data yang ditemukan
254,247,-,belum ada data yang ditemukan,belum ada data yang ditemukan
255,248,-,belum ada data yang ditemukan,belum ada data yang ditemukan
256,249,-,belum ada data yang ditemukan,belum ada data yang ditemukan
257,250,-,belum ada data yang ditemukan,belum ada data yang ditemukan
258,251,-,belum ada data yang ditemukan,belum ada data yang ditemukan
259,252,-,belum ada data yang ditemukan,belum ada data yang ditemukan
260,253,-,belum ada data yang ditemukan,belum ada data yang ditemukan
261,254,-,belum ada data yang ditemukan,belum ada data yang ditemukan
262,255,-,belum ada data yang ditemukan,belum ada data yang ditemukan
263,256,-,belum ada data yang ditemukan,belum ada data yang ditemukan
264,257,-,belum ada data yang ditemukan,belum ada data yang ditemukan
265,258,-,belum ada data yang ditemukan,belum ada data yang ditemukan
266,259,-,belum ada data yang ditemukan,belum ada data yang ditemukan
267,260,Aritmia Jantung & Gangguan Kecemasan (Anxiety Disorders),Kontraindikasi,"Efek: Palpitasi jantung (debar jantung tak beraturan) dan memicu serangan panik akut. Mekanisme: Kafein menstimulasi reseptor sistem saraf simpatik secara kuat dan memblokir reseptor adenosin, memicu lonjakan adrenalin yang berbahaya bagi jantung tidak stabil dan penderita panik."
268,261,-,belum ada data yang ditemukan,belum ada data yang ditemukan
269,262,-,belum ada data yang ditemukan,belum ada data yang ditemukan
270,263,-,belum ada data yang ditemukan,belum ada data yang ditemukan
271,264,-,belum ada data yang ditemukan,belum ada data yang ditemukan
272,265,-,belum ada data yang ditemukan,belum ada data yang ditemukan
273,266,-,belum ada data yang ditemukan,belum ada data yang ditemukan
274,267,-,belum ada data yang ditemukan,belum ada data yang ditemukan
275,268,-,belum ada data yang ditemukan,belum ada data yang ditemukan
276,269,-,belum ada data yang ditemukan,belum ada data yang ditemukan
277,270,-,belum ada data yang ditemukan,belum ada data yang ditemukan
278,271,-,belum ada data yang ditemukan,belum ada data yang ditemukan
279,272,-,belum ada data yang ditemukan,belum ada data yang ditemukan
280,273,-,belum ada data yang ditemukan,belum ada data yang ditemukan
281,274,-,belum ada data yang ditemukan,belum ada data yang ditemukan
282,275,Persiapan Operasi Medis (Anestesi Umum),Kontraindikasi,"Efek: Pasien sulit dibangunkan pasca-operasi atau mengalami depresi pusat pernapasan. Mekanisme: Asam valerenat mempotensiasi jalur reseptor GABA di otak, yang bersinergi secara ekstrem dengan obat bius umum. Konsumsi wajib distop 14 hari sebelum pembedahan."
283,276,-,belum ada data yang ditemukan,belum ada data yang ditemukan
284,277,-,belum ada data yang ditemukan,belum ada data yang ditemukan
285,278,-,belum ada data yang ditemukan,belum ada data yang ditemukan
286,279,-,belum ada data yang ditemukan,belum ada data yang ditemukan
287,280,-,belum ada data yang ditemukan,belum ada data yang ditemukan
288,281,-,belum ada data yang ditemukan,belum ada data yang ditemukan
289,282,-,belum ada data yang ditemukan,belum ada data yang ditemukan
290,283,-,belum ada data yang ditemukan,belum ada data yang ditemukan
291,284,-,belum ada data yang ditemukan,belum ada data yang ditemukan
292,285,-,belum ada data yang ditemukan,belum ada data yang ditemukan
293,286,-,belum ada data yang ditemukan,belum ada data yang ditemukan
294,287,-,belum ada data yang ditemukan,belum ada data yang ditemukan
295,288,-,belum ada data yang ditemukan,belum ada data yang ditemukan
296,289,-,belum ada data yang ditemukan,belum ada data yang ditemukan
297,290,Hipertiroidisme (Kelebihan Hormon Tiroid),Kontraindikasi,"Efek: Memperburuk gejala hipertiroid seperti jantung berdebar cepat, tremor, dan penurunan berat badan drastis. Mekanisme: Ashwagandha diketahui dapat merangsang kelenjar tiroid secara independen untuk memproduksi lebih banyak hormon tiroid (T3 dan T4)."
298,291,-,belum ada data yang ditemukan,belum ada data yang ditemukan
299,292,-,belum ada data yang ditemukan,belum ada data yang ditemukan
300,293,-,belum ada data yang ditemukan,belum ada data yang ditemukan
301,294,-,belum ada data yang ditemukan,belum ada data yang ditemukan
302,295,-,belum ada data yang ditemukan,belum ada data yang ditemukan
303,296,-,belum ada data yang ditemukan,belum ada data yang ditemukan
304,297,-,belum ada data yang ditemukan,belum ada data yang ditemukan
305,298,-,belum ada data yang ditemukan,belum ada data yang ditemukan
306,299,-,belum ada data yang ditemukan,belum ada data yang ditemukan
307,300,-,belum ada data yang ditemukan,belum ada data yang ditemukan
308,301,"Hipertensi, Aritmia, & Penyakit Jantung Koroner",Kontraindikasi Fatal,"Efek: Risiko serangan jantung, stroke, hingga kematian mendadak. Mekanisme: Alkaloid efedrin merangsang reseptor adrenergik alfa dan beta secara kuat, memicu vasokonstriksi (penyempitan pembuluh darah) dan takikardia (detak jantung abnormal). FDA telah melarang suplemen ini."
309,302,-,belum ada data yang ditemukan,belum ada data yang ditemukan
310,303,-,belum ada data yang ditemukan,belum ada data yang ditemukan
311,304,-,belum ada data yang ditemukan,belum ada data yang ditemukan
312,305,-,belum ada data yang ditemukan,belum ada data yang ditemukan
313,306,-,belum ada data yang ditemukan,belum ada data yang ditemukan
314,307,-,belum ada data yang ditemukan,belum ada data yang ditemukan
315,308,-,belum ada data yang ditemukan,belum ada data yang ditemukan
316,309,-,belum ada data yang ditemukan,belum ada data yang ditemukan
317,310,-,belum ada data yang ditemukan,belum ada data yang ditemukan
318,311,-,belum ada data yang ditemukan,belum ada data yang ditemukan
319,312,-,belum ada data yang ditemukan,belum ada data yang ditemukan
320,313,-,belum ada data yang ditemukan,belum ada data yang ditemukan
321,314,-,belum ada data yang ditemukan,belum ada data yang ditemukan
322,315,"Gangguan Cemas (Anxiety), Hipertensi, & Takikardia",Peringatan / Kontraindikasi,"Efek: Memperburuk kecemasan, memicu serangan panik, dan palpitasi jantung. Mekanisme: Guarana mengandung kadar kafein (guaranine) alami yang sangat tinggi (hingga 2-3 kali lipat biji kopi), bertindak sebagai stimulan sistem saraf pusat (SSP) yang sangat kuat."
323,316,-,belum ada data yang ditemukan,belum ada data yang ditemukan
324,317,-,belum ada data yang ditemukan,belum ada data yang ditemukan
325,318,-,belum ada data yang ditemukan,belum ada data yang ditemukan
326,319,-,belum ada data yang ditemukan,belum ada data yang ditemukan
327,320,-,belum ada data yang ditemukan,belum ada data yang ditemukan
328,321,-,belum ada data yang ditemukan,belum ada data yang ditemukan
329,322,-,belum ada data yang ditemukan,belum ada data yang ditemukan
330,323,-,belum ada data yang ditemukan,belum ada data yang ditemukan
331,324,-,belum ada data yang ditemukan,belum ada data yang ditemukan
332,325,-,belum ada data yang ditemukan,belum ada data yang ditemukan
333,326,-,belum ada data yang ditemukan,belum ada data yang ditemukan
334,327,-,belum ada data yang ditemukan,belum ada data yang ditemukan
335,328,-,belum ada data yang ditemukan,belum ada data yang ditemukan
336,329,-,belum ada data yang ditemukan,belum ada data yang ditemukan
337,330,Penyakit Kardiovaskular & Glaukoma Sudut Tertutup,Kontraindikasi Mayor,"Efek: Memicu krisis hipertensi, iskemia miokard (serangan jantung), dan lonjakan tekanan bola mata. Mekanisme: Senyawa aktif synephrine bertindak sebagai stimulan simpatomimetik yang mempersempit pembuluh darah dan secara drastis menaikkan beban kerja organ."
338,331,-,belum ada data yang ditemukan,belum ada data yang ditemukan
339,332,-,belum ada data yang ditemukan,belum ada data yang ditemukan
340,333,-,belum ada data yang ditemukan,belum ada data yang ditemukan
341,334,-,belum ada data yang ditemukan,belum ada data yang ditemukan
342,335,-,belum ada data yang ditemukan,belum ada data yang ditemukan
343,336,-,belum ada data yang ditemukan,belum ada data yang ditemukan
344,337,-,belum ada data yang ditemukan,belum ada data yang ditemukan
345,338,-,belum ada data yang ditemukan,belum ada data yang ditemukan
346,339,-,belum ada data yang ditemukan,belum ada data yang ditemukan
347,340,-,belum ada data yang ditemukan,belum ada data yang ditemukan
348,341,-,belum ada data yang ditemukan,belum ada data yang ditemukan
349,342,-,belum ada data yang ditemukan,belum ada data yang ditemukan
350,343,-,belum ada data yang ditemukan,belum ada data yang ditemukan
351,344,-,belum ada data yang ditemukan,belum ada data yang ditemukan
352,345,-,belum ada data yang ditemukan,belum ada data yang ditemukan
353,346,-,belum ada data yang ditemukan,belum ada data yang ditemukan
354,347,-,belum ada data yang ditemukan,belum ada data yang ditemukan
355,348,-,belum ada data yang ditemukan,belum ada data yang ditemukan
356,349,-,belum ada data yang ditemukan,belum ada data yang ditemukan
357,350,Kehamilan & Menyusui,Kontraindikasi,"Efek: Cacat lahir pada janin laki-laki atau gangguan perkembangan genitalia. Mekanisme: Saw Palmetto memiliki aktivitas anti-androgenik yang menghambat enzim 5-alpha-reductase, mencegah konversi testosteron menjadi DHT yang sangat krusial bagi janin laki-laki."
358,350,Kanker Sensitif Hormon (Payudara/Ovarium),Peringatan,Efek: Interaksi hormonal yang tidak terprediksi. Mekanisme: Berpotensi memiliki efek estrogenik/anti-estrogenik lemah pada jaringan sensitif.
359,351,-,belum ada data yang ditemukan,belum ada data yang ditemukan
360,352,-,belum ada data yang ditemukan,belum ada data yang ditemukan
361,353,-,belum ada data yang ditemukan,belum ada data yang ditemukan
362,354,-,belum ada data yang ditemukan,belum ada data yang ditemukan
363,355,-,belum ada data yang ditemukan,belum ada data yang ditemukan
364,356,-,belum ada data yang ditemukan,belum ada data yang ditemukan
365,357,-,belum ada data yang ditemukan,belum ada data yang ditemukan
366,358,-,belum ada data yang ditemukan,belum ada data yang ditemukan
367,359,-,belum ada data yang ditemukan,belum ada data yang ditemukan
368,360,-,belum ada data yang ditemukan,belum ada data yang ditemukan
369,361,-,belum ada data yang ditemukan,belum ada data yang ditemukan
370,362,-,belum ada data yang ditemukan,belum ada data yang ditemukan
371,363,-,belum ada data yang ditemukan,belum ada data yang ditemukan
372,364,-,belum ada data yang ditemukan,belum ada data yang ditemukan
373,365,-,belum ada data yang ditemukan,belum ada data yang ditemukan
374,366,-,belum ada data yang ditemukan,belum ada data yang ditemukan
375,367,-,belum ada data yang ditemukan,belum ada data yang ditemukan
376,368,-,belum ada data yang ditemukan,belum ada data yang ditemukan
377,369,-,belum ada data yang ditemukan,belum ada data yang ditemukan
378,370,-,belum ada data yang ditemukan,belum ada data yang ditemukan
379,371,-,belum ada data yang ditemukan,belum ada data yang ditemukan
380,372,-,belum ada data yang ditemukan,belum ada data yang ditemukan
381,373,-,belum ada data yang ditemukan,belum ada data yang ditemukan
382,374,-,belum ada data yang ditemukan,belum ada data yang ditemukan
383,375,Penyakit Hati (Riwayat Hepatitis / Penyakit Liver),Kontraindikasi,"Efek: Kerusakan sel hati idiopatik (Hepatotoksisitas akut). Mekanisme: Meski mekanismenya belum sepenuhnya dipahami, otoritas medis (seperti MHRA dan FDA) melaporkan banyak kasus ikterus, kelelahan, hingga gagal hati yang memerlukan transplantasi terkait konsumsi Black Cohosh."
384,376,-,belum ada data yang ditemukan,belum ada data yang ditemukan
385,377,-,belum ada data yang ditemukan,belum ada data yang ditemukan
386,378,-,belum ada data yang ditemukan,belum ada data yang ditemukan
387,379,-,belum ada data yang ditemukan,belum ada data yang ditemukan
388,380,-,belum ada data yang ditemukan,belum ada data yang ditemukan
389,381,-,belum ada data yang ditemukan,belum ada data yang ditemukan
390,382,-,belum ada data yang ditemukan,belum ada data yang ditemukan
391,383,-,belum ada data yang ditemukan,belum ada data yang ditemukan
392,384,-,belum ada data yang ditemukan,belum ada data yang ditemukan
393,385,-,belum ada data yang ditemukan,belum ada data yang ditemukan
394,386,-,belum ada data yang ditemukan,belum ada data yang ditemukan
395,387,-,belum ada data yang ditemukan,belum ada data yang ditemukan
396,388,-,belum ada data yang ditemukan,belum ada data yang ditemukan
397,389,-,belum ada data yang ditemukan,belum ada data yang ditemukan
398,390,"Gagal Ginjal, Penyakit Jantung, & PTSD/Gangguan Panik",Kontraindikasi Fatal,"Efek: Gagal ginjal akut, krisis serangan jantung, dan memicu episode panik yang sangat ekstrem. Mekanisme: Alkaloid yohimbine adalah antagonis reseptor adrenergik alpha-2 yang memicu pelepasan norepinefrin sentral secara masif dan tak terkendali di sistem saraf parasimpatik."
399,391,-,belum ada data yang ditemukan,belum ada data yang ditemukan
400,392,-,belum ada data yang ditemukan,belum ada data yang ditemukan
401,393,-,belum ada data yang ditemukan,belum ada data yang ditemukan
402,394,-,belum ada data yang ditemukan,belum ada data yang ditemukan
403,395,-,belum ada data yang ditemukan,belum ada data yang ditemukan
404,396,-,belum ada data yang ditemukan,belum ada data yang ditemukan
405,397,-,belum ada data yang ditemukan,belum ada data yang ditemukan
406,398,-,belum ada data yang ditemukan,belum ada data yang ditemukan
407,399,-,belum ada data yang ditemukan,belum ada data yang ditemukan
408,400,-,belum ada data yang ditemukan,belum ada data yang ditemukan
409,401,Gangguan Pendarahan & Ulkus Peptikum,Kontraindikasi Mayor,"Efek: Risiko pendarahan dan iritasi lambung akut berdarah. Mekanisme: Mengandung salisin yang diubah menjadi asam salisilat di dalam tubuh, menghambat enzim COX dan menekan agregasi platelet layaknya obat aspirin."
410,401,Asma (Sensitif Aspirin),Peringatan Keras,Efek: Bronkospasme atau serangan asma parah. Mekanisme: Pasien yang alergi atau sensitif terhadap aspirin dapat mengalami reaksi silang alergi yang sangat berbahaya akibat kandungan salisilat alami.
411,402,-,belum ada data yang ditemukan,belum ada data yang ditemukan
412,403,-,belum ada data yang ditemukan,belum ada data yang ditemukan
413,404,-,belum ada data yang ditemukan,belum ada data yang ditemukan
414,405,-,belum ada data yang ditemukan,belum ada data yang ditemukan
415,406,-,belum ada data yang ditemukan,belum ada data yang ditemukan
416,407,-,belum ada data yang ditemukan,belum ada data yang ditemukan
417,408,-,belum ada data yang ditemukan,belum ada data yang ditemukan
418,409,-,belum ada data yang ditemukan,belum ada data yang ditemukan
419,410,-,belum ada data yang ditemukan,belum ada data yang ditemukan
420,411,-,belum ada data yang ditemukan,belum ada data yang ditemukan
421,412,-,belum ada data yang ditemukan,belum ada data yang ditemukan
422,413,-,belum ada data yang ditemukan,belum ada data yang ditemukan
423,414,-,belum ada data yang ditemukan,belum ada data yang ditemukan
424,415,"Kanker Sensitif Estrogen (Payudara, Uterus, Ovarium, Endometriosis)",Peringatan Keras,"Efek: Stimulasi pertumbuhan jaringan abnormal/kanker. Mekanisme: Ekstrak Maca mengandung fitoestrogen yang dapat bertindak meniru estrogen di dalam tubuh, sehingga berpotensi memperburuk kondisi sel yang bergantung pada proliferasi hormon tersebut."
425,416,-,belum ada data yang ditemukan,belum ada data yang ditemukan
426,417,-,belum ada data yang ditemukan,belum ada data yang ditemukan
427,418,-,belum ada data yang ditemukan,belum ada data yang ditemukan
428,419,-,belum ada data yang ditemukan,belum ada data yang ditemukan
429,420,-,belum ada data yang ditemukan,belum ada data yang ditemukan
430,421,-,belum ada data yang ditemukan,belum ada data yang ditemukan
431,422,-,belum ada data yang ditemukan,belum ada data yang ditemukan
432,423,-,belum ada data yang ditemukan,belum ada data yang ditemukan
433,424,-,belum ada data yang ditemukan,belum ada data yang ditemukan
434,425,-,belum ada data yang ditemukan,belum ada data yang ditemukan
435,426,-,belum ada data yang ditemukan,belum ada data yang ditemukan
436,427,-,belum ada data yang ditemukan,belum ada data yang ditemukan
437,428,-,belum ada data yang ditemukan,belum ada data yang ditemukan
438,429,-,belum ada data yang ditemukan,belum ada data yang ditemukan
439,430,Batu Ginjal (Jenis Kalsium Oksalat),Peringatan / Kontraindikasi,Efek: Meningkatkan pembentukan dan pembesaran batu ginjal. Mekanisme: Ekstrak atau jus cranberry mengandung kadar oksalat yang sangat tinggi. Konsumsi berlebihan secara signifikan meningkatkan ekskresi oksalat di urin (hiperoksaluria) yang langsung mengkristal di ginjal.
440,431,-,belum ada data yang ditemukan,belum ada data yang ditemukan
441,432,-,belum ada data yang ditemukan,belum ada data yang ditemukan
442,433,-,belum ada data yang ditemukan,belum ada data yang ditemukan
443,434,-,belum ada data yang ditemukan,belum ada data yang ditemukan
444,435,-,belum ada data yang ditemukan,belum ada data yang ditemukan
445,436,-,belum ada data yang ditemukan,belum ada data yang ditemukan
446,437,-,belum ada data yang ditemukan,belum ada data yang ditemukan
447,438,-,belum ada data yang ditemukan,belum ada data yang ditemukan
448,439,-,belum ada data yang ditemukan,belum ada data yang ditemukan
449,440,-,belum ada data yang ditemukan,belum ada data yang ditemukan
450,441,-,belum ada data yang ditemukan,belum ada data yang ditemukan
451,442,-,belum ada data yang ditemukan,belum ada data yang ditemukan
452,443,-,belum ada data yang ditemukan,belum ada data yang ditemukan
453,444,-,belum ada data yang ditemukan,belum ada data yang ditemukan
454,445,-,belum ada data yang ditemukan,belum ada data yang ditemukan
455,446,-,belum ada data yang ditemukan,belum ada data yang ditemukan
456,447,-,belum ada data yang ditemukan,belum ada data yang ditemukan
457,448,-,belum ada data yang ditemukan,belum ada data yang ditemukan
458,449,-,belum ada data yang ditemukan,belum ada data yang ditemukan
459,450,"Kanker Sensitif Hormon (Payudara, Uterus)",Peringatan,"Efek: Kemungkinan merangsang proliferasi jaringan. Mekanisme: Beberapa studi in vitro menunjukkan ekstrak milk thistle (terutama silymarin) memiliki aktivitas pengikatan reseptor estrogenik lemah, yang mungkin kurang aman bagi wanita dengan kanker hormon-positif."
460,451,-,belum ada data yang ditemukan,belum ada data yang ditemukan
461,452,-,belum ada data yang ditemukan,belum ada data yang ditemukan
462,453,-,belum ada data yang ditemukan,belum ada data yang ditemukan
463,454,-,belum ada data yang ditemukan,belum ada data yang ditemukan
464,455,-,belum ada data yang ditemukan,belum ada data yang ditemukan
465,456,-,belum ada data yang ditemukan,belum ada data yang ditemukan
466,457,-,belum ada data yang ditemukan,belum ada data yang ditemukan
467,458,-,belum ada data yang ditemukan,belum ada data yang ditemukan
468,459,-,belum ada data yang ditemukan,belum ada data yang ditemukan
469,460,-,belum ada data yang ditemukan,belum ada data yang ditemukan
470,461,-,belum ada data yang ditemukan,belum ada data yang ditemukan
471,462,-,belum ada data yang ditemukan,belum ada data yang ditemukan
472,463,-,belum ada data yang ditemukan,belum ada data yang ditemukan
473,464,-,belum ada data yang ditemukan,belum ada data yang ditemukan
474,465,-,belum ada data yang ditemukan,belum ada data yang ditemukan
475,466,-,belum ada data yang ditemukan,belum ada data yang ditemukan
476,467,-,belum ada data yang ditemukan,belum ada data yang ditemukan
477,468,-,belum ada data yang ditemukan,belum ada data yang ditemukan
478,469,-,belum ada data yang ditemukan,belum ada data yang ditemukan
479,470,-,belum ada data yang ditemukan,belum ada data yang ditemukan
480,471,-,belum ada data yang ditemukan,belum ada data yang ditemukan
481,472,-,belum ada data yang ditemukan,belum ada data yang ditemukan
482,473,-,belum ada data yang ditemukan,belum ada data yang ditemukan
483,474,-,belum ada data yang ditemukan,belum ada data yang ditemukan
484,475,Kehamilan,Kontraindikasi Fatal,"Efek: Persalinan prematur atau keguguran. Mekanisme: Asam risinoleat merangsang reseptor prostaglandin EP3 di usus dan rahim, memicu kontraksi otot polos uterus yang sangat kuat. Dahulu kerap disalahgunakan untuk menginduksi persalinan."
485,475,"Obstruksi Usus, Nyeri Perut Akut (Apendisitis)",Kontraindikasi Fatal,Efek: Perforasi atau robeknya dinding usus. Mekanisme: Minyak jarak adalah laksatif stimulan kuat yang memaksa usus bergerak cepat; sangat berbahaya jika dipaksa melewati area usus yang tersumbat atau radang akut.
486,476,-,belum ada data yang ditemukan,belum ada data yang ditemukan
487,477,-,belum ada data yang ditemukan,belum ada data yang ditemukan
488,478,-,belum ada data yang ditemukan,belum ada data yang ditemukan
489,479,-,belum ada data yang ditemukan,belum ada data yang ditemukan
490,480,-,belum ada data yang ditemukan,belum ada data yang ditemukan
491,481,-,belum ada data yang ditemukan,belum ada data yang ditemukan
492,482,-,belum ada data yang ditemukan,belum ada data yang ditemukan
493,483,-,belum ada data yang ditemukan,belum ada data yang ditemukan
494,484,-,belum ada data yang ditemukan,belum ada data yang ditemukan
495,485,-,belum ada data yang ditemukan,belum ada data yang ditemukan
496,486,-,belum ada data yang ditemukan,belum ada data yang ditemukan
497,487,-,belum ada data yang ditemukan,belum ada data yang ditemukan
498,488,-,belum ada data yang ditemukan,belum ada data yang ditemukan
499,489,-,belum ada data yang ditemukan,belum ada data yang ditemukan
500,490,"Penyakit Hati (Hepatitis, Gangguan Fungsi Liver)",Kontraindikasi Fatal,"Efek: Gagal hati akut (Acute Liver Failure) yang memerlukan transplantasi. Mekanisme: Hepatotoksisitas berat dari ekstrak Garcinia (terutama kadar HCA buatan yang sangat tinggi) telah banyak didokumentasikan oleh FDA, memicu nekrosis hepatoseluler seketika pada sebagian individu."
501,491,-,belum ada data yang ditemukan,belum ada data yang ditemukan
502,492,-,belum ada data yang ditemukan,belum ada data yang ditemukan
503,493,-,belum ada data yang ditemukan,belum ada data yang ditemukan
504,494,-,belum ada data yang ditemukan,belum ada data yang ditemukan
505,495,-,belum ada data yang ditemukan,belum ada data yang ditemukan
506,496,-,belum ada data yang ditemukan,belum ada data yang ditemukan
507,497,-,belum ada data yang ditemukan,belum ada data yang ditemukan
508,498,-,belum ada data yang ditemukan,belum ada data yang ditemukan
509,499,-,belum ada data yang ditemukan,belum ada data yang ditemukan
510,500,-,belum ada data yang ditemukan,belum ada data yang ditemukan
511,501,Kehamilan & Menyusui,Kontraindikasi Fatal,"Efek: Risiko keguguran atau kontraksi prematur. Mekanisme: Dong Quai memiliki efek stimulan rahim (uterotonik) dan telah lama digunakan dalam pengobatan tradisional untuk menginduksi menstruasi, sangat berbahaya bagi janin."
512,501,Kanker Payudara & Ovarium (Estrogen-Receptor Positive),Kontraindikasi,Efek: Memacu pertumbuhan tumor/kanker. Mekanisme: Senyawa fitoestrogen pada Dong Quai memiliki aktivitas estrogenik yang dapat merangsang proliferasi sel kanker yang bergantung pada hormon estrogen.
513,502,-,belum ada data yang ditemukan,belum ada data yang ditemukan
514,503,-,belum ada data yang ditemukan,belum ada data yang ditemukan
515,504,-,belum ada data yang ditemukan,belum ada data yang ditemukan
516,505,-,belum ada data yang ditemukan,belum ada data yang ditemukan
517,506,-,belum ada data yang ditemukan,belum ada data yang ditemukan
518,507,-,belum ada data yang ditemukan,belum ada data yang ditemukan
519,508,-,belum ada data yang ditemukan,belum ada data yang ditemukan
520,509,-,belum ada data yang ditemukan,belum ada data yang ditemukan
521,510,-,belum ada data yang ditemukan,belum ada data yang ditemukan
522,511,-,belum ada data yang ditemukan,belum ada data yang ditemukan
523,512,-,belum ada data yang ditemukan,belum ada data yang ditemukan
524,513,-,belum ada data yang ditemukan,belum ada data yang ditemukan
525,514,-,belum ada data yang ditemukan,belum ada data yang ditemukan
526,515,-,belum ada data yang ditemukan,belum ada data yang ditemukan
527,516,-,belum ada data yang ditemukan,belum ada data yang ditemukan
528,517,-,belum ada data yang ditemukan,belum ada data yang ditemukan
529,518,-,belum ada data yang ditemukan,belum ada data yang ditemukan
530,519,-,belum ada data yang ditemukan,belum ada data yang ditemukan
531,520,-,belum ada data yang ditemukan,belum ada data yang ditemukan
532,521,-,belum ada data yang ditemukan,belum ada data yang ditemukan
533,522,-,belum ada data yang ditemukan,belum ada data yang ditemukan
534,523,-,belum ada data yang ditemukan,belum ada data yang ditemukan
535,524,-,belum ada data yang ditemukan,belum ada data yang ditemukan
536,525,Hipertensi Tensi Tinggi (>180/90 mmHg),Kontraindikasi,"Efek: Palpitasi, takikardia, dan peningkatan tekanan darah akut. Mekanisme: Meski bersifat adaptogen, dosis tinggi memiliki sifat stimulasi kardiovaskular ringan yang tidak disarankan bagi penderita hipertensi tak terkontrol."
537,526,-,belum ada data yang ditemukan,belum ada data yang ditemukan
538,527,-,belum ada data yang ditemukan,belum ada data yang ditemukan
539,528,-,belum ada data yang ditemukan,belum ada data yang ditemukan
540,529,-,belum ada data yang ditemukan,belum ada data yang ditemukan
541,530,-,belum ada data yang ditemukan,belum ada data yang ditemukan
542,531,-,belum ada data yang ditemukan,belum ada data yang ditemukan
543,532,-,belum ada data yang ditemukan,belum ada data yang ditemukan
544,533,-,belum ada data yang ditemukan,belum ada data yang ditemukan
545,534,-,belum ada data yang ditemukan,belum ada data yang ditemukan
546,535,-,belum ada data yang ditemukan,belum ada data yang ditemukan
547,536,-,belum ada data yang ditemukan,belum ada data yang ditemukan
548,537,-,belum ada data yang ditemukan,belum ada data yang ditemukan
549,538,-,belum ada data yang ditemukan,belum ada data yang ditemukan
550,539,-,belum ada data yang ditemukan,belum ada data yang ditemukan
551,540,-,belum ada data yang ditemukan,belum ada data yang ditemukan
552,541,-,belum ada data yang ditemukan,belum ada data yang ditemukan
553,542,-,belum ada data yang ditemukan,belum ada data yang ditemukan
554,543,-,belum ada data yang ditemukan,belum ada data yang ditemukan
555,544,-,belum ada data yang ditemukan,belum ada data yang ditemukan
556,545,-,belum ada data yang ditemukan,belum ada data yang ditemukan
557,546,-,belum ada data yang ditemukan,belum ada data yang ditemukan
558,547,-,belum ada data yang ditemukan,belum ada data yang ditemukan
559,548,-,belum ada data yang ditemukan,belum ada data yang ditemukan
560,549,-,belum ada data yang ditemukan,belum ada data yang ditemukan
561,550,Kehamilan,Kontraindikasi Fatal,"Efek: Neonatal Abstinence Syndrome (NAS) pada bayi baru lahir. Mekanisme: Alkaloid kratom menembus plasenta dan memicu ketergantungan fisik janin pada efek opioid, menyebabkan bayi lahir dengan gejala putus zat yang mengancam nyawa."
562,550,Penyakit Hati / Konsumsi Alkohol Berat,Kontraindikasi,Efek: Gagal hati akut (Hepatotoksisitas intrahepatik). Mekanisme: Laporan klinis FDA menunjukkan kratom dosis tinggi (terutama jika dicampur alkohol/obat lain) menyebabkan kerusakan sel hati langsung dengan gejala ikterus parah.
563,551,-,belum ada data yang ditemukan,belum ada data yang ditemukan
564,552,-,belum ada data yang ditemukan,belum ada data yang ditemukan
565,553,-,belum ada data yang ditemukan,belum ada data yang ditemukan
566,554,-,belum ada data yang ditemukan,belum ada data yang ditemukan
567,555,-,belum ada data yang ditemukan,belum ada data yang ditemukan
568,556,-,belum ada data yang ditemukan,belum ada data yang ditemukan
569,557,-,belum ada data yang ditemukan,belum ada data yang ditemukan
570,558,-,belum ada data yang ditemukan,belum ada data yang ditemukan
571,559,-,belum ada data yang ditemukan,belum ada data yang ditemukan
572,560,-,belum ada data yang ditemukan,belum ada data yang ditemukan
573,561,-,belum ada data yang ditemukan,belum ada data yang ditemukan
574,562,-,belum ada data yang ditemukan,belum ada data yang ditemukan
575,563,-,belum ada data yang ditemukan,belum ada data yang ditemukan
576,564,-,belum ada data yang ditemukan,belum ada data yang ditemukan
577,565,-,belum ada data yang ditemukan,belum ada data yang ditemukan
578,566,-,belum ada data yang ditemukan,belum ada data yang ditemukan
579,567,-,belum ada data yang ditemukan,belum ada data yang ditemukan
580,568,-,belum ada data yang ditemukan,belum ada data yang ditemukan
581,569,-,belum ada data yang ditemukan,belum ada data yang ditemukan
582,570,-,belum ada data yang ditemukan,belum ada data yang ditemukan
583,571,-,belum ada data yang ditemukan,belum ada data yang ditemukan
584,572,-,belum ada data yang ditemukan,belum ada data yang ditemukan
585,573,-,belum ada data yang ditemukan,belum ada data yang ditemukan
586,574,-,belum ada data yang ditemukan,belum ada data yang ditemukan
587,575,Bayi Baru Lahir & Kehamilan,Kontraindikasi Fatal,"Efek: Kerusakan otak permanen (Kernikterus) pada bayi. Mekanisme: Alkaloid berberin dapat menembus plasenta (atau lewat ASI) dan melepaskan bilirubin dari ikatannya di protein darah, menyebabkannya menumpuk di otak bayi yang sawar darah-otaknya belum sempurna."
588,576,-,belum ada data yang ditemukan,belum ada data yang ditemukan
589,577,-,belum ada data yang ditemukan,belum ada data yang ditemukan
590,578,-,belum ada data yang ditemukan,belum ada data yang ditemukan
591,579,-,belum ada data yang ditemukan,belum ada data yang ditemukan
592,580,-,belum ada data yang ditemukan,belum ada data yang ditemukan
593,581,-,belum ada data yang ditemukan,belum ada data yang ditemukan
594,582,-,belum ada data yang ditemukan,belum ada data yang ditemukan
595,583,-,belum ada data yang ditemukan,belum ada data yang ditemukan
596,584,-,belum ada data yang ditemukan,belum ada data yang ditemukan
597,585,-,belum ada data yang ditemukan,belum ada data yang ditemukan
598,586,-,belum ada data yang ditemukan,belum ada data yang ditemukan
599,587,-,belum ada data yang ditemukan,belum ada data yang ditemukan
600,588,-,belum ada data yang ditemukan,belum ada data yang ditemukan
601,589,-,belum ada data yang ditemukan,belum ada data yang ditemukan
602,590,-,belum ada data yang ditemukan,belum ada data yang ditemukan
603,591,-,belum ada data yang ditemukan,belum ada data yang ditemukan
604,592,-,belum ada data yang ditemukan,belum ada data yang ditemukan
605,593,-,belum ada data yang ditemukan,belum ada data yang ditemukan
606,594,-,belum ada data yang ditemukan,belum ada data yang ditemukan
607,595,Skizofrenia & Epilepsi,Kontraindikasi Mayor,Efek: Memicu kejang lobus temporal atau kejang umum. Mekanisme: Minyak Evening Primrose (khususnya kandungan Gamma-Linolenic Acid) dapat menurunkan ambang kejang di otak. Hal ini sangat berisiko bagi pasien epilepsi atau skizofrenia yang sedang menggunakan obat fenotiazin.
608,596,-,belum ada data yang ditemukan,belum ada data yang ditemukan
609,597,-,belum ada data yang ditemukan,belum ada data yang ditemukan
610,598,-,belum ada data yang ditemukan,belum ada data yang ditemukan
611,599,-,belum ada data yang ditemukan,belum ada data yang ditemukan
612,600,-,belum ada data yang ditemukan,belum ada data yang ditemukan
613,601,Penyakit Asam Lambung (GERD) & Tukak Lambung,Peringatan Keras,"Efek: Peningkatan nyeri ulu hati dan iritasi lambung. Mekanisme: Schisandra bersifat asam dan merangsang sekresi asam lambung secara berlebih, memperburuk ulkus atau iritasi mukosa gastrointestinal yang sudah ada."
614,601,Kehamilan,Kontraindikasi,"Efek: Risiko kontraksi prematur. Mekanisme: Senyawa aktifnya dilaporkan memiliki efek uterotonik ringan yang mampu menstimulasi kontraksi otot rahim, sehingga berbahaya bagi janin."
615,602,-,belum ada data yang ditemukan,belum ada data yang ditemukan
616,603,-,belum ada data yang ditemukan,belum ada data yang ditemukan
617,604,-,belum ada data yang ditemukan,belum ada data yang ditemukan
618,605,-,belum ada data yang ditemukan,belum ada data yang ditemukan
619,606,-,belum ada data yang ditemukan,belum ada data yang ditemukan
620,607,-,belum ada data yang ditemukan,belum ada data yang ditemukan
621,608,-,belum ada data yang ditemukan,belum ada data yang ditemukan
622,609,-,belum ada data yang ditemukan,belum ada data yang ditemukan
623,610,-,belum ada data yang ditemukan,belum ada data yang ditemukan
624,611,-,belum ada data yang ditemukan,belum ada data yang ditemukan
625,612,-,belum ada data yang ditemukan,belum ada data yang ditemukan
626,613,-,belum ada data yang ditemukan,belum ada data yang ditemukan
627,614,-,belum ada data yang ditemukan,belum ada data yang ditemukan
628,615,Gangguan Bipolar & Skizofrenia,Kontraindikasi Mayor,"Efek: Memicu episode mania, agitasi parah, dan insomnia. Mekanisme: Sifat antidepresan dan stimulan adaptogenik dari Rhodiola bertindak sebagai inhibitor monoamine oxidase (MAO) alami, meningkatkan level serotonin dan dopamin yang dapat menyebabkan overstimulasi otak pada pasien bipolar."
629,616,-,belum ada data yang ditemukan,belum ada data yang ditemukan
630,617,-,belum ada data yang ditemukan,belum ada data yang ditemukan
631,618,-,belum ada data yang ditemukan,belum ada data yang ditemukan
632,619,-,belum ada data yang ditemukan,belum ada data yang ditemukan
633,620,-,belum ada data yang ditemukan,belum ada data yang ditemukan
634,621,-,belum ada data yang ditemukan,belum ada data yang ditemukan
635,622,-,belum ada data yang ditemukan,belum ada data yang ditemukan
636,623,-,belum ada data yang ditemukan,belum ada data yang ditemukan
637,624,-,belum ada data yang ditemukan,belum ada data yang ditemukan
638,625,-,belum ada data yang ditemukan,belum ada data yang ditemukan
639,626,-,belum ada data yang ditemukan,belum ada data yang ditemukan
640,627,-,belum ada data yang ditemukan,belum ada data yang ditemukan
641,628,-,belum ada data yang ditemukan,belum ada data yang ditemukan
642,629,-,belum ada data yang ditemukan,belum ada data yang ditemukan
643,630,GERD (Refluks Asam Lambung) & Hernia Hiatus,Kontraindikasi,"Efek: Nyeri ulu hati (heartburn) akut dan refluks yang memburuk. Mekanisme: Senyawa menthol merupakan penenang otot polos yang sangat kuat. Ia merelaksasi otot sfingter esofagus bagian bawah, membuat katup penahan lambung terbuka sehingga asam mudah naik ke kerongkongan."
644,631,-,belum ada data yang ditemukan,belum ada data yang ditemukan
645,632,-,belum ada data yang ditemukan,belum ada data yang ditemukan
646,633,-,belum ada data yang ditemukan,belum ada data yang ditemukan
647,634,-,belum ada data yang ditemukan,belum ada data yang ditemukan
648,635,-,belum ada data yang ditemukan,belum ada data yang ditemukan
649,636,-,belum ada data yang ditemukan,belum ada data yang ditemukan
650,637,-,belum ada data yang ditemukan,belum ada data yang ditemukan
651,638,-,belum ada data yang ditemukan,belum ada data yang ditemukan
652,639,-,belum ada data yang ditemukan,belum ada data yang ditemukan
653,640,-,belum ada data yang ditemukan,belum ada data yang ditemukan
654,641,-,belum ada data yang ditemukan,belum ada data yang ditemukan
655,642,-,belum ada data yang ditemukan,belum ada data yang ditemukan
656,643,-,belum ada data yang ditemukan,belum ada data yang ditemukan
657,644,-,belum ada data yang ditemukan,belum ada data yang ditemukan
658,645,-,belum ada data yang ditemukan,belum ada data yang ditemukan
659,646,-,belum ada data yang ditemukan,belum ada data yang ditemukan
660,647,-,belum ada data yang ditemukan,belum ada data yang ditemukan
661,648,-,belum ada data yang ditemukan,belum ada data yang ditemukan
662,649,-,belum ada data yang ditemukan,belum ada data yang ditemukan
663,650,Kehamilan,Kontraindikasi Fatal,Efek: Keguguran (Abortus) spontan. Mekanisme: Feverfew bertindak sebagai emmenagogue (peluruh haid) yang merangsang aliran darah panggul dan memicu kontraksi rahim secara kuat.
664,650,Persiapan Operasi Pembedahan,Kontraindikasi,"Efek: Pendarahan masif dan kesulitan menghentikan pendarahan. Mekanisme: Ekstrak feverfew (terutama parthenolide) secara poten menghambat agregasi trombosit, sehingga darah tidak bisa membeku. Harus dihentikan minimal 2 minggu sebelum operasi."
665,651,-,belum ada data yang ditemukan,belum ada data yang ditemukan
666,652,-,belum ada data yang ditemukan,belum ada data yang ditemukan
667,653,-,belum ada data yang ditemukan,belum ada data yang ditemukan
668,654,-,belum ada data yang ditemukan,belum ada data yang ditemukan
669,655,-,belum ada data yang ditemukan,belum ada data yang ditemukan
670,656,-,belum ada data yang ditemukan,belum ada data yang ditemukan
671,657,-,belum ada data yang ditemukan,belum ada data yang ditemukan
672,658,-,belum ada data yang ditemukan,belum ada data yang ditemukan
673,659,-,belum ada data yang ditemukan,belum ada data yang ditemukan
674,660,-,belum ada data yang ditemukan,belum ada data yang ditemukan
675,661,-,belum ada data yang ditemukan,belum ada data yang ditemukan
676,662,-,belum ada data yang ditemukan,belum ada data yang ditemukan
677,663,-,belum ada data yang ditemukan,belum ada data yang ditemukan
678,664,-,belum ada data yang ditemukan,belum ada data yang ditemukan
679,665,-,belum ada data yang ditemukan,belum ada data yang ditemukan
680,666,-,belum ada data yang ditemukan,belum ada data yang ditemukan
681,667,-,belum ada data yang ditemukan,belum ada data yang ditemukan
682,668,-,belum ada data yang ditemukan,belum ada data yang ditemukan
683,669,-,belum ada data yang ditemukan,belum ada data yang ditemukan
684,670,-,belum ada data yang ditemukan,belum ada data yang ditemukan
685,671,-,belum ada data yang ditemukan,belum ada data yang ditemukan
686,672,-,belum ada data yang ditemukan,belum ada data yang ditemukan
687,673,-,belum ada data yang ditemukan,belum ada data yang ditemukan
688,674,-,belum ada data yang ditemukan,belum ada data yang ditemukan
689,675,-,belum ada data yang ditemukan,belum ada data yang ditemukan
690,676,-,belum ada data yang ditemukan,belum ada data yang ditemukan
691,677,-,belum ada data yang ditemukan,belum ada data yang ditemukan
692,678,-,belum ada data yang ditemukan,belum ada data yang ditemukan
693,679,-,belum ada data yang ditemukan,belum ada data yang ditemukan
694,680,-,belum ada data yang ditemukan,belum ada data yang ditemukan
695,681,-,belum ada data yang ditemukan,belum ada data yang ditemukan
696,682,-,belum ada data yang ditemukan,belum ada data yang ditemukan
697,683,-,belum ada data yang ditemukan,belum ada data yang ditemukan
698,684,-,belum ada data yang ditemukan,belum ada data yang ditemukan
699,685,-,belum ada data yang ditemukan,belum ada data yang ditemukan
700,686,-,belum ada data yang ditemukan,belum ada data yang ditemukan
701,687,-,belum ada data yang ditemukan,belum ada data yang ditemukan
702,688,-,belum ada data yang ditemukan,belum ada data yang ditemukan
703,689,-,belum ada data yang ditemukan,belum ada data yang ditemukan
704,690,-,belum ada data yang ditemukan,belum ada data yang ditemukan
705,691,-,belum ada data yang ditemukan,belum ada data yang ditemukan
706,692,-,belum ada data yang ditemukan,belum ada data yang ditemukan
707,693,-,belum ada data yang ditemukan,belum ada data yang ditemukan
708,694,-,belum ada data yang ditemukan,belum ada data yang ditemukan
709,695,-,belum ada data yang ditemukan,belum ada data yang ditemukan
710,696,-,belum ada data yang ditemukan,belum ada data yang ditemukan
711,697,-,belum ada data yang ditemukan,belum ada data yang ditemukan
712,698,-,belum ada data yang ditemukan,belum ada data yang ditemukan
713,699,-,belum ada data yang ditemukan,belum ada data yang ditemukan
714,700,-,belum ada data yang ditemukan,belum ada data yang ditemukan
715,701,Gagal Jantung Kongestif (Tanpa Pengawasan Medis),Peringatan Keras,"Efek: Perubahan hemodinamika tak terprediksi. Mekanisme: Meskipun hawthorn digunakan untuk gagal jantung ringan, penggunaannya pada gagal jantung lanjut atau tanpa pengawasan dokter sangat berbahaya karena efek inotropik positifnya dapat berbenturan dengan kondisi patologis jantung."
716,702,-,belum ada data yang ditemukan,belum ada data yang ditemukan
717,703,-,belum ada data yang ditemukan,belum ada data yang ditemukan
718,704,-,belum ada data yang ditemukan,belum ada data yang ditemukan
719,705,-,belum ada data yang ditemukan,belum ada data yang ditemukan
720,706,-,belum ada data yang ditemukan,belum ada data yang ditemukan
721,707,-,belum ada data yang ditemukan,belum ada data yang ditemukan
722,708,-,belum ada data yang ditemukan,belum ada data yang ditemukan
723,709,-,belum ada data yang ditemukan,belum ada data yang ditemukan
724,710,-,belum ada data yang ditemukan,belum ada data yang ditemukan
725,711,-,belum ada data yang ditemukan,belum ada data yang ditemukan
726,712,-,belum ada data yang ditemukan,belum ada data yang ditemukan
727,713,-,belum ada data yang ditemukan,belum ada data yang ditemukan
728,714,-,belum ada data yang ditemukan,belum ada data yang ditemukan
729,715,-,belum ada data yang ditemukan,belum ada data yang ditemukan
730,716,-,belum ada data yang ditemukan,belum ada data yang ditemukan
731,717,-,belum ada data yang ditemukan,belum ada data yang ditemukan
732,718,-,belum ada data yang ditemukan,belum ada data yang ditemukan
733,719,-,belum ada data yang ditemukan,belum ada data yang ditemukan
734,720,-,belum ada data yang ditemukan,belum ada data yang ditemukan
735,721,-,belum ada data yang ditemukan,belum ada data yang ditemukan
736,722,-,belum ada data yang ditemukan,belum ada data yang ditemukan
737,723,-,belum ada data yang ditemukan,belum ada data yang ditemukan
738,724,-,belum ada data yang ditemukan,belum ada data yang ditemukan
739,725,Kanker Prostat & Hiperplasia Prostat Jinak (BPH),Kontraindikasi,"Efek: Dapat merangsang pertumbuhan jaringan prostat. Mekanisme: Meskipun mekanisme pastinya masih diperdebatkan, efek androgenik dari protodioscin pada Tribulus dikhawatirkan dapat memperburuk kondisi tumor/prostat yang sensitif terhadap testosteron."
740,726,-,belum ada data yang ditemukan,belum ada data yang ditemukan
741,727,-,belum ada data yang ditemukan,belum ada data yang ditemukan
742,728,-,belum ada data yang ditemukan,belum ada data yang ditemukan
743,729,-,belum ada data yang ditemukan,belum ada data yang ditemukan
744,730,-,belum ada data yang ditemukan,belum ada data yang ditemukan
745,731,-,belum ada data yang ditemukan,belum ada data yang ditemukan
746,732,-,belum ada data yang ditemukan,belum ada data yang ditemukan
747,733,-,belum ada data yang ditemukan,belum ada data yang ditemukan
748,734,-,belum ada data yang ditemukan,belum ada data yang ditemukan
749,735,-,belum ada data yang ditemukan,belum ada data yang ditemukan
750,736,-,belum ada data yang ditemukan,belum ada data yang ditemukan
751,737,-,belum ada data yang ditemukan,belum ada data yang ditemukan
752,738,-,belum ada data yang ditemukan,belum ada data yang ditemukan
753,739,-,belum ada data yang ditemukan,belum ada data yang ditemukan
754,740,-,belum ada data yang ditemukan,belum ada data yang ditemukan
755,741,-,belum ada data yang ditemukan,belum ada data yang ditemukan
756,742,-,belum ada data yang ditemukan,belum ada data yang ditemukan
757,743,-,belum ada data yang ditemukan,belum ada data yang ditemukan
758,744,-,belum ada data yang ditemukan,belum ada data yang ditemukan
759,745,-,belum ada data yang ditemukan,belum ada data yang ditemukan
760,746,-,belum ada data yang ditemukan,belum ada data yang ditemukan
761,747,-,belum ada data yang ditemukan,belum ada data yang ditemukan
762,748,-,belum ada data yang ditemukan,belum ada data yang ditemukan
763,749,-,belum ada data yang ditemukan,belum ada data yang ditemukan
764,750,Penyakit Tiroid (Hipertiroidisme),Peringatan Keras,"Efek: Peningkatan kadar hormon tiroid. Mekanisme: Senyawa guggulsterone merangsang kelenjar tiroid secara independen, berpotensi memicu hipertiroidisme sekunder atau badai tiroid pada penderita hipertiroid."
765,750,Kehamilan,Kontraindikasi,Efek: Peluruhan rahim atau keguguran. Mekanisme: Guggul memiliki sifat emmenagogue (peluruh haid) dan dapat merangsang kontraksi rahim.
766,751,-,belum ada data yang ditemukan,belum ada data yang ditemukan
767,752,-,belum ada data yang ditemukan,belum ada data yang ditemukan
768,753,-,belum ada data yang ditemukan,belum ada data yang ditemukan
769,754,-,belum ada data yang ditemukan,belum ada data yang ditemukan
770,755,-,belum ada data yang ditemukan,belum ada data yang ditemukan
771,756,-,belum ada data yang ditemukan,belum ada data yang ditemukan
772,757,-,belum ada data yang ditemukan,belum ada data yang ditemukan
773,758,-,belum ada data yang ditemukan,belum ada data yang ditemukan
774,759,-,belum ada data yang ditemukan,belum ada data yang ditemukan
775,760,-,belum ada data yang ditemukan,belum ada data yang ditemukan
776,761,-,belum ada data yang ditemukan,belum ada data yang ditemukan
777,762,-,belum ada data yang ditemukan,belum ada data yang ditemukan
778,763,-,belum ada data yang ditemukan,belum ada data yang ditemukan
779,764,-,belum ada data yang ditemukan,belum ada data yang ditemukan
780,765,-,belum ada data yang ditemukan,belum ada data yang ditemukan
781,766,-,belum ada data yang ditemukan,belum ada data yang ditemukan
782,767,-,belum ada data yang ditemukan,belum ada data yang ditemukan
783,768,-,belum ada data yang ditemukan,belum ada data yang ditemukan
784,769,-,belum ada data yang ditemukan,belum ada data yang ditemukan
785,770,-,belum ada data yang ditemukan,belum ada data yang ditemukan
786,771,-,belum ada data yang ditemukan,belum ada data yang ditemukan
787,772,-,belum ada data yang ditemukan,belum ada data yang ditemukan
788,773,-,belum ada data yang ditemukan,belum ada data yang ditemukan
789,774,-,belum ada data yang ditemukan,belum ada data yang ditemukan
790,775,Hipoglikemia & Persiapan Operasi Pembedahan,Kontraindikasi,Efek: Gula darah anjlok drastis (koma hipoglikemik). Mekanisme: Merangsang sekresi insulin secara langsung. Penggunaan wajib dihentikan 2 minggu sebelum operasi untuk menghindari kesulitan mengontrol gula darah selama proses pembiusan.
791,776,-,belum ada data yang ditemukan,belum ada data yang ditemukan
792,777,-,belum ada data yang ditemukan,belum ada data yang ditemukan
793,778,-,belum ada data yang ditemukan,belum ada data yang ditemukan
794,779,-,belum ada data yang ditemukan,belum ada data yang ditemukan
795,780,-,belum ada data yang ditemukan,belum ada data yang ditemukan
796,781,-,belum ada data yang ditemukan,belum ada data yang ditemukan
797,782,-,belum ada data yang ditemukan,belum ada data yang ditemukan
798,783,-,belum ada data yang ditemukan,belum ada data yang ditemukan
799,784,-,belum ada data yang ditemukan,belum ada data yang ditemukan
800,785,-,belum ada data yang ditemukan,belum ada data yang ditemukan
801,786,-,belum ada data yang ditemukan,belum ada data yang ditemukan
802,787,-,belum ada data yang ditemukan,belum ada data yang ditemukan
803,788,-,belum ada data yang ditemukan,belum ada data yang ditemukan
804,789,-,belum ada data yang ditemukan,belum ada data yang ditemukan
805,790,Kehamilan,Peringatan / Kontraindikasi,"Efek: Peningkatan risiko keguguran spontan. Mekanisme: Beberapa literatur medis klasik dan toksikologi mencatat efek emmenagogue (memperlancar haid) dari ekstrak Boswellia, sehingga penggunaannya pada ibu hamil berisiko membahayakan janin."
806,791,-,belum ada data yang ditemukan,belum ada data yang ditemukan
807,792,-,belum ada data yang ditemukan,belum ada data yang ditemukan
808,793,-,belum ada data yang ditemukan,belum ada data yang ditemukan
809,794,-,belum ada data yang ditemukan,belum ada data yang ditemukan
810,795,-,belum ada data yang ditemukan,belum ada data yang ditemukan
811,796,-,belum ada data yang ditemukan,belum ada data yang ditemukan
812,797,-,belum ada data yang ditemukan,belum ada data yang ditemukan
813,798,-,belum ada data yang ditemukan,belum ada data yang ditemukan
814,799,-,belum ada data yang ditemukan,belum ada data yang ditemukan
815,800,-,belum ada data yang ditemukan,belum ada data yang ditemukan
816,801,Alergi Serbuk Sari (Famili Asteraceae/Compositae),Kontraindikasi,"Efek: Reaksi alergi sistemik hingga syok anafilaksis. Mekanisme: Milk thistle berkerabat dengan tanaman ragweed, krisan, dan marigold. Individu dengan riwayat alergi pada tanaman famili ini berisiko tinggi mengalami reaksi silang alergi yang berbahaya."
817,802,-,belum ada data yang ditemukan,belum ada data yang ditemukan
818,803,-,belum ada data yang ditemukan,belum ada data yang ditemukan
819,804,-,belum ada data yang ditemukan,belum ada data yang ditemukan
820,805,-,belum ada data yang ditemukan,belum ada data yang ditemukan
821,806,-,belum ada data yang ditemukan,belum ada data yang ditemukan
822,807,-,belum ada data yang ditemukan,belum ada data yang ditemukan
823,808,-,belum ada data yang ditemukan,belum ada data yang ditemukan
824,809,-,belum ada data yang ditemukan,belum ada data yang ditemukan
825,810,-,belum ada data yang ditemukan,belum ada data yang ditemukan
826,811,-,belum ada data yang ditemukan,belum ada data yang ditemukan
827,812,-,belum ada data yang ditemukan,belum ada data yang ditemukan
828,813,-,belum ada data yang ditemukan,belum ada data yang ditemukan
829,814,-,belum ada data yang ditemukan,belum ada data yang ditemukan
830,815,Kehamilan (Bagian Akar & Kulit Batang),Kontraindikasi Fatal,"Efek: Keguguran (Abortus) spontan. Mekanisme: Meski daunnya aman, akar dan kulit batang kelor mengandung alkaloid spirchin yang memicu kontraksi rahim secara ekstrem (uterotonik) dan telah terbukti menyebabkan keguguran pada hewan uji."
831,815,Hipotiroidisme,Peringatan,"Efek: Memperparah kondisi kekurangan hormon tiroid. Mekanisme: Daun kelor mengandung isotiosianat dan glukosinolat yang dapat bertindak sebagai goitrogen, menghambat penyerapan yodium oleh kelenjar tiroid."
832,816,-,belum ada data yang ditemukan,belum ada data yang ditemukan
833,817,-,belum ada data yang ditemukan,belum ada data yang ditemukan
834,818,-,belum ada data yang ditemukan,belum ada data yang ditemukan
835,819,-,belum ada data yang ditemukan,belum ada data yang ditemukan
836,820,-,belum ada data yang ditemukan,belum ada data yang ditemukan
837,821,-,belum ada data yang ditemukan,belum ada data yang ditemukan
838,822,-,belum ada data yang ditemukan,belum ada data yang ditemukan
839,823,-,belum ada data yang ditemukan,belum ada data yang ditemukan
840,824,-,belum ada data yang ditemukan,belum ada data yang ditemukan
841,825,-,belum ada data yang ditemukan,belum ada data yang ditemukan
842,826,-,belum ada data yang ditemukan,belum ada data yang ditemukan
843,827,-,belum ada data yang ditemukan,belum ada data yang ditemukan
844,828,-,belum ada data yang ditemukan,belum ada data yang ditemukan
845,829,-,belum ada data yang ditemukan,belum ada data yang ditemukan
846,830,Batu Empedu (Cholelithiasis),Peringatan Keras / Kontraindikasi,"Efek: Kolik empedu akut (nyeri luar biasa) dan penyumbatan saluran. Mekanisme: Jahe memiliki efek kolagogum (meningkatkan produksi dan sekresi cairan empedu). Pada penderita batu empedu, kontraksi berlebih ini berisiko mendorong batu menyumbat duktus biliaris."
847,831,-,belum ada data yang ditemukan,belum ada data yang ditemukan
848,832,-,belum ada data yang ditemukan,belum ada data yang ditemukan
849,833,-,belum ada data yang ditemukan,belum ada data yang ditemukan
850,834,-,belum ada data yang ditemukan,belum ada data yang ditemukan
851,835,-,belum ada data yang ditemukan,belum ada data yang ditemukan
852,836,-,belum ada data yang ditemukan,belum ada data yang ditemukan
853,837,-,belum ada data yang ditemukan,belum ada data yang ditemukan
854,838,-,belum ada data yang ditemukan,belum ada data yang ditemukan
855,839,-,belum ada data yang ditemukan,belum ada data yang ditemukan
856,840,-,belum ada data yang ditemukan,belum ada data yang ditemukan
857,841,-,belum ada data yang ditemukan,belum ada data yang ditemukan
858,842,-,belum ada data yang ditemukan,belum ada data yang ditemukan
859,843,-,belum ada data yang ditemukan,belum ada data yang ditemukan
860,844,-,belum ada data yang ditemukan,belum ada data yang ditemukan
861,845,Riwayat Kanker Kulit (Melanoma / Squamous Cell Carcinoma),Peringatan,Efek: Kemungkinan merangsang proliferasi tumor. Mekanisme: Beberapa studi in vivo mengindikasikan bahwa senyawa asiaticoside pada pegagan dapat bertindak sebagai promotor karsinogenik pada sel kulit. Sebaiknya dihindari bagi pasien dengan riwayat tersebut.
862,846,-,belum ada data yang ditemukan,belum ada data yang ditemukan
863,847,-,belum ada data yang ditemukan,belum ada data yang ditemukan
864,848,-,belum ada data yang ditemukan,belum ada data yang ditemukan
865,849,-,belum ada data yang ditemukan,belum ada data yang ditemukan
866,850,-,belum ada data yang ditemukan,belum ada data yang ditemukan
867,851,-,belum ada data yang ditemukan,belum ada data yang ditemukan
868,852,-,belum ada data yang ditemukan,belum ada data yang ditemukan
869,853,-,belum ada data yang ditemukan,belum ada data yang ditemukan
870,854,-,belum ada data yang ditemukan,belum ada data yang ditemukan
871,855,-,belum ada data yang ditemukan,belum ada data yang ditemukan
872,856,-,belum ada data yang ditemukan,belum ada data yang ditemukan
873,857,-,belum ada data yang ditemukan,belum ada data yang ditemukan
874,858,-,belum ada data yang ditemukan,belum ada data yang ditemukan
875,859,-,belum ada data yang ditemukan,belum ada data yang ditemukan
876,860,Hipokalemia (Kekurangan Kalium) & Dehidrasi Berat,Kontraindikasi Mayor,"Efek: Kelemahan otot pernapasan, kelumpuhan, dan aritmia jantung mematikan. Mekanisme: Laksatif stimulan seperti senna secara progresif menguras cadangan elektrolit (terutama kalium) dari usus. Jika dikonsumsi oleh pasien hipokalemia, hal ini akan langsung merusak ritme kelistrikan jantung."
877,861,-,belum ada data yang ditemukan,belum ada data yang ditemukan
878,862,-,belum ada data yang ditemukan,belum ada data yang ditemukan
879,863,-,belum ada data yang ditemukan,belum ada data yang ditemukan
880,864,-,belum ada data yang ditemukan,belum ada data yang ditemukan
881,865,-,belum ada data yang ditemukan,belum ada data yang ditemukan
882,866,-,belum ada data yang ditemukan,belum ada data yang ditemukan
883,867,-,belum ada data yang ditemukan,belum ada data yang ditemukan
884,868,-,belum ada data yang ditemukan,belum ada data yang ditemukan
885,869,-,belum ada data yang ditemukan,belum ada data yang ditemukan
886,870,-,belum ada data yang ditemukan,belum ada data yang ditemukan
887,871,-,belum ada data yang ditemukan,belum ada data yang ditemukan
888,872,-,belum ada data yang ditemukan,belum ada data yang ditemukan
889,873,-,belum ada data yang ditemukan,belum ada data yang ditemukan
890,874,-,belum ada data yang ditemukan,belum ada data yang ditemukan
891,875,Ulkus Peptikum (Tukak Lambung) & Radang Saluran Cerna,Peringatan Keras,Efek: Iritasi mukosa parah dan pendarahan internal. Mekanisme: Alkaloid piperine bersifat termogenik dan merangsang sekresi asam lambung secara agresif. Ini sangat mengiritasi lesi atau luka terbuka pada dinding lambung.
892,876,-,belum ada data yang ditemukan,belum ada data yang ditemukan
893,877,-,belum ada data yang ditemukan,belum ada data yang ditemukan
894,878,-,belum ada data yang ditemukan,belum ada data yang ditemukan
895,879,-,belum ada data yang ditemukan,belum ada data yang ditemukan
896,880,-,belum ada data yang ditemukan,belum ada data yang ditemukan
897,881,-,belum ada data yang ditemukan,belum ada data yang ditemukan
898,882,-,belum ada data yang ditemukan,belum ada data yang ditemukan
899,883,-,belum ada data yang ditemukan,belum ada data yang ditemukan
900,884,-,belum ada data yang ditemukan,belum ada data yang ditemukan
901,885,-,belum ada data yang ditemukan,belum ada data yang ditemukan
902,886,-,belum ada data yang ditemukan,belum ada data yang ditemukan
903,887,-,belum ada data yang ditemukan,belum ada data yang ditemukan
904,888,-,belum ada data yang ditemukan,belum ada data yang ditemukan
905,889,-,belum ada data yang ditemukan,belum ada data yang ditemukan
906,890,Gangguan Pembekuan Darah & Menjelang Operasi,Kontraindikasi,Efek: Pendarahan masif yang sulit dikendalikan. Mekanisme: Thymoquinone menghambat kaskade koagulasi dan menekan fungsi agregasi trombosit. Penggunaan ekstrak atau minyak jintan hitam wajib dihentikan minimal 2 minggu sebelum tindakan bedah.
907,891,-,belum ada data yang ditemukan,belum ada data yang ditemukan
908,892,-,belum ada data yang ditemukan,belum ada data yang ditemukan
909,893,-,belum ada data yang ditemukan,belum ada data yang ditemukan
910,894,-,belum ada data yang ditemukan,belum ada data yang ditemukan
911,895,-,belum ada data yang ditemukan,belum ada data yang ditemukan
912,896,-,belum ada data yang ditemukan,belum ada data yang ditemukan
913,897,-,belum ada data yang ditemukan,belum ada data yang ditemukan
914,898,-,belum ada data yang ditemukan,belum ada data yang ditemukan
915,899,-,belum ada data yang ditemukan,belum ada data yang ditemukan
916,900,-,belum ada data yang ditemukan,belum ada data yang ditemukan
917,901,Hipotensi (Tekanan Darah Rendah),Peringatan Keras,"Efek: Pusing, pingsan, hingga syok. Mekanisme: Andrographolide memiliki efek vasodilatasi (pelebaran pembuluh darah) dan merelaksasi otot polos kardiovaskular. Bagi pasien yang tekanan darahnya sudah rendah, ini bisa memicu drop tensi drastis."
918,901,Gangguan Pendarahan / Persiapan Operasi,Kontraindikasi,Efek: Sulitnya menghentikan pendarahan. Mekanisme: Sambiloto dilaporkan memiliki aktivitas anti-platelet. Harus dihentikan penggunaannya setidaknya 2 minggu sebelum tindakan bedah/operasi.
919,902,-,belum ada data yang ditemukan,belum ada data yang ditemukan
920,903,-,belum ada data yang ditemukan,belum ada data yang ditemukan
921,904,-,belum ada data yang ditemukan,belum ada data yang ditemukan
922,905,-,belum ada data yang ditemukan,belum ada data yang ditemukan
923,906,-,belum ada data yang ditemukan,belum ada data yang ditemukan
924,907,-,belum ada data yang ditemukan,belum ada data yang ditemukan
925,908,-,belum ada data yang ditemukan,belum ada data yang ditemukan
926,909,-,belum ada data yang ditemukan,belum ada data yang ditemukan
927,910,-,belum ada data yang ditemukan,belum ada data yang ditemukan
928,911,-,belum ada data yang ditemukan,belum ada data yang ditemukan
929,912,-,belum ada data yang ditemukan,belum ada data yang ditemukan
930,913,-,belum ada data yang ditemukan,belum ada data yang ditemukan
931,914,-,belum ada data yang ditemukan,belum ada data yang ditemukan
932,915,Kerusakan Organ (Gagal Ginjal / Liver Kronis),Kontraindikasi Mayor,Efek: Mempercepat kegagalan organ fatal. Mekanisme: Daging buah mahkota dewa (terutama jika tidak diolah dengan benar) mengandung senyawa alkaloid dan saponin yang bersifat sangat toksik. Pasien dengan fungsi filter organ yang sudah rusak tidak akan mampu membuang racun ini.
933,916,-,belum ada data yang ditemukan,belum ada data yang ditemukan
934,917,-,belum ada data yang ditemukan,belum ada data yang ditemukan
935,918,-,belum ada data yang ditemukan,belum ada data yang ditemukan
936,919,-,belum ada data yang ditemukan,belum ada data yang ditemukan
937,920,-,belum ada data yang ditemukan,belum ada data yang ditemukan
938,921,-,belum ada data yang ditemukan,belum ada data yang ditemukan
939,922,-,belum ada data yang ditemukan,belum ada data yang ditemukan
940,923,-,belum ada data yang ditemukan,belum ada data yang ditemukan
941,924,-,belum ada data yang ditemukan,belum ada data yang ditemukan
942,925,-,belum ada data yang ditemukan,belum ada data yang ditemukan
943,926,-,belum ada data yang ditemukan,belum ada data yang ditemukan
944,927,-,belum ada data yang ditemukan,belum ada data yang ditemukan
945,928,-,belum ada data yang ditemukan,belum ada data yang ditemukan
946,929,-,belum ada data yang ditemukan,belum ada data yang ditemukan
947,930,Malnutrisi & Osteoporosis,Peringatan / Kontraindikasi,Efek: Menghambat penyerapan nutrisi esensial seperti protein dan kalsium. Mekanisme: Kandungan lendir (musilago) dan tanin yang melapisi dinding lambung/usus secara mekanis mencegah usus menyerap sari-sari makanan. Sangat berbahaya jika dikonsumsi rutin oleh penderita kurang gizi.
948,931,-,belum ada data yang ditemukan,belum ada data yang ditemukan
949,932,-,belum ada data yang ditemukan,belum ada data yang ditemukan
950,933,-,belum ada data yang ditemukan,belum ada data yang ditemukan
951,934,-,belum ada data yang ditemukan,belum ada data yang ditemukan
952,935,-,belum ada data yang ditemukan,belum ada data yang ditemukan
953,936,-,belum ada data yang ditemukan,belum ada data yang ditemukan
954,937,-,belum ada data yang ditemukan,belum ada data yang ditemukan
955,938,-,belum ada data yang ditemukan,belum ada data yang ditemukan
956,939,-,belum ada data yang ditemukan,belum ada data yang ditemukan
957,940,-,belum ada data yang ditemukan,belum ada data yang ditemukan
958,941,-,belum ada data yang ditemukan,belum ada data yang ditemukan
959,942,-,belum ada data yang ditemukan,belum ada data yang ditemukan
960,943,-,belum ada data yang ditemukan,belum ada data yang ditemukan
961,944,-,belum ada data yang ditemukan,belum ada data yang ditemukan
962,945,-,belum ada data yang ditemukan,belum ada data yang ditemukan
963,946,-,belum ada data yang ditemukan,belum ada data yang ditemukan
964,947,-,belum ada data yang ditemukan,belum ada data yang ditemukan
965,948,-,belum ada data yang ditemukan,belum ada data yang ditemukan
966,949,-,belum ada data yang ditemukan,belum ada data yang ditemukan
967,950,Ulkus Peptikum (Tukak Lambung Aktif),Peringatan,"Efek: Memicu perih, iritasi, dan memperlambat penyembuhan luka lambung. Mekanisme: Bangle memiliki aktivitas penghambatan kuat pada enzim siklooksigenase (COX). Hambatan ini mengurangi produksi prostaglandin, cairan mukosa alami yang bertugas melindungi dinding lambung dari asam."
968,951,-,belum ada data yang ditemukan,belum ada data yang ditemukan
969,952,-,belum ada data yang ditemukan,belum ada data yang ditemukan
970,953,-,belum ada data yang ditemukan,belum ada data yang ditemukan
971,954,-,belum ada data yang ditemukan,belum ada data yang ditemukan
972,955,-,belum ada data yang ditemukan,belum ada data yang ditemukan
973,956,-,belum ada data yang ditemukan,belum ada data yang ditemukan
974,957,-,belum ada data yang ditemukan,belum ada data yang ditemukan
975,958,-,belum ada data yang ditemukan,belum ada data yang ditemukan
976,959,-,belum ada data yang ditemukan,belum ada data yang ditemukan
977,960,-,belum ada data yang ditemukan,belum ada data yang ditemukan
978,961,-,belum ada data yang ditemukan,belum ada data yang ditemukan
979,962,-,belum ada data yang ditemukan,belum ada data yang ditemukan
980,963,-,belum ada data yang ditemukan,belum ada data yang ditemukan
981,964,-,belum ada data yang ditemukan,belum ada data yang ditemukan
982,965,-,belum ada data yang ditemukan,belum ada data yang ditemukan
983,966,-,belum ada data yang ditemukan,belum ada data yang ditemukan
984,967,-,belum ada data yang ditemukan,belum ada data yang ditemukan
985,968,-,belum ada data yang ditemukan,belum ada data yang ditemukan
986,969,-,belum ada data yang ditemukan,belum ada data yang ditemukan
987,970,-,belum ada data yang ditemukan,belum ada data yang ditemukan
988,971,-,belum ada data yang ditemukan,belum ada data yang ditemukan
989,972,-,belum ada data yang ditemukan,belum ada data yang ditemukan
990,973,-,belum ada data yang ditemukan,belum ada data yang ditemukan
991,974,-,belum ada data yang ditemukan,belum ada data yang ditemukan
992,975,Sembelit Kronis (Konstipasi),Kontraindikasi Mayor,"Efek: Konstipasi ekstrem hingga impaksi tinja (usus tersumbat kotoran keras). Mekanisme: Kadar tanin pada majakani sangat tinggi (mencapai 50-70%). Sifat astringen ini akan menyerap cairan usus dan mengerutkan mukosa, menyebabkan gerak peristaltik usus terhenti hampir sepenuhnya jika diminum dalam dosis berlebih."
993,976,-,belum ada data yang ditemukan,belum ada data yang ditemukan
994,977,-,belum ada data yang ditemukan,belum ada data yang ditemukan
995,978,-,belum ada data yang ditemukan,belum ada data yang ditemukan
996,979,-,belum ada data yang ditemukan,belum ada data yang ditemukan
997,980,-,belum ada data yang ditemukan,belum ada data yang ditemukan
998,981,-,belum ada data yang ditemukan,belum ada data yang ditemukan
999,982,-,belum ada data yang ditemukan,belum ada data yang ditemukan
1000,983,-,belum ada data yang ditemukan,belum ada data yang ditemukan
1001,984,-,belum ada data yang ditemukan,belum ada data yang ditemukan
1002,985,-,belum ada data yang ditemukan,belum ada data yang ditemukan
1003,986,-,belum ada data yang ditemukan,belum ada data yang ditemukan
1004,987,-,belum ada data yang ditemukan,belum ada data yang ditemukan
1005,988,-,belum ada data yang ditemukan,belum ada data yang ditemukan
1006,989,-,belum ada data yang ditemukan,belum ada data yang ditemukan
1007,990,-,belum ada data yang ditemukan,belum ada data yang ditemukan
1008,991,-,belum ada data yang ditemukan,belum ada data yang ditemukan
1009,992,-,belum ada data yang ditemukan,belum ada data yang ditemukan
1010,993,-,belum ada data yang ditemukan,belum ada data yang ditemukan
1011,994,-,belum ada data yang ditemukan,belum ada data yang ditemukan
1012,995,-,belum ada data yang ditemukan,belum ada data yang ditemukan
1013,996,-,belum ada data yang ditemukan,belum ada data yang ditemukan
1014,997,-,belum ada data yang ditemukan,belum ada data yang ditemukan
1015,998,-,belum ada data yang ditemukan,belum ada data yang ditemukan
1016,999,-,belum ada data yang ditemukan,belum ada data yang ditemukan
1017,1000,-,belum ada data yang ditemukan,belum ada data yang ditemukan