id,herbal_id,kelompok,status,alasan
1,1,Ibu Hamil,Peringatan,"Konsumsi dalam batas wajar bumbu makanan aman, namun ekstrak dosis tinggi dapat menstimulasi rahim."
2,1,Anak-anak,Aman (Sesuai Dosis),Sering dan aman digunakan secara tradisional sebagai penambah nafsu makan alami untuk anak-anak.
3,2,Ibu Hamil,Peringatan,Ekstrak kurkumin dosis tinggi dilarang karena dapat merangsang kontraksi rahim (uterotonik) dan memicu menstruasi prematur.
4,3,Ibu Hamil,Aman Terbatas,Aman untuk meredakan morning sickness dengan batas maksimal 1 gram per hari. Dosis berlebih meningkatkan risiko pendarahan.
5,4,-,belum ada data yang ditemukan,belum ada data yang ditemukan
6,5,-,belum ada data yang ditemukan,belum ada data yang ditemukan
7,6,Ibu Hamil & Menyusui,Kontraindikasi Fatal,Telah terbukti memiliki efek abortifacient (pemicu keguguran) dan dapat menembus ASI sehingga membahayakan bayi.
8,7,-,belum ada data yang ditemukan,belum ada data yang ditemukan
9,8,Ibu Hamil & Anak-anak,Kontraindikasi,Efek diuretik yang sangat kuat dapat memicu ketidakseimbangan elektrolit (kalium) yang berbahaya bagi perkembangan janin dan anak.
10,9,-,belum ada data yang ditemukan,belum ada data yang ditemukan
11,10,-,belum ada data yang ditemukan,belum ada data yang ditemukan
12,11,Ibu Hamil & Menyusui,Kontraindikasi,Secara historis digunakan sebagai peluruh haid sehingga berisiko memicu keguguran. Belum terbukti aman untuk bayi menyusui.
13,12,Ibu Hamil & Anak-anak,Kontraindikasi Mayor,Sangat toksik (beracun) bagi janin dan anak-anak. Dapat memicu kontraksi rahim prematur dan keracunan sistemik parah.
14,13,-,belum ada data yang ditemukan,belum ada data yang ditemukan
15,14,-,belum ada data yang ditemukan,belum ada data yang ditemukan
16,15,-,belum ada data yang ditemukan,belum ada data yang ditemukan
17,16,-,belum ada data yang ditemukan,belum ada data yang ditemukan
18,17,-,belum ada data yang ditemukan,belum ada data yang ditemukan
19,18,-,belum ada data yang ditemukan,belum ada data yang ditemukan
20,19,Ibu Hamil & Anak-anak,Kontraindikasi,"Getah lateks lidah buaya menyebabkan kram perut dan diare mematikan pada anak, serta merangsang kontraksi rahim pada ibu hamil."
21,20,Ibu Hamil & Menyusui,Kontraindikasi,Sifat sitotoksik dari senyawa aktifnya dapat mengganggu perkembangan organ janin dan belum teruji aman untuk diekskresikan lewat ASI.
22,21,Ibu Hamil,Kontraindikasi Fatal,Mengandung senyawa momorcharin yang secara ilmiah terbukti bersifat abortifacient (dapat menggugurkan kandungan).
23,22,-,belum ada data yang ditemukan,belum ada data yang ditemukan
24,23,-,belum ada data yang ditemukan,belum ada data yang ditemukan
25,24,-,belum ada data yang ditemukan,belum ada data yang ditemukan
26,25,-,belum ada data yang ditemukan,belum ada data yang ditemukan
27,26,-,belum ada data yang ditemukan,belum ada data yang ditemukan
28,27,Ibu Hamil,Peringatan,"Penggunaan dalam porsi bumbu makanan tergolong aman, namun ekstrak dosis terapi dapat menstimulasi kontraksi rahim."
29,28,-,belum ada data yang ditemukan,belum ada data yang ditemukan
30,29,-,belum ada data yang ditemukan,belum ada data yang ditemukan
31,30,-,belum ada data yang ditemukan,belum ada data yang ditemukan
32,31,-,belum ada data yang ditemukan,belum ada data yang ditemukan
33,32,-,belum ada data yang ditemukan,belum ada data yang ditemukan
34,33,-,belum ada data yang ditemukan,belum ada data yang ditemukan
35,34,-,belum ada data yang ditemukan,belum ada data yang ditemukan
36,35,-,belum ada data yang ditemukan,belum ada data yang ditemukan
37,36,-,belum ada data yang ditemukan,belum ada data yang ditemukan
38,37,-,belum ada data yang ditemukan,belum ada data yang ditemukan
39,38,-,belum ada data yang ditemukan,belum ada data yang ditemukan
40,39,-,belum ada data yang ditemukan,belum ada data yang ditemukan
41,40,-,belum ada data yang ditemukan,belum ada data yang ditemukan
42,41,-,belum ada data yang ditemukan,belum ada data yang ditemukan
43,42,-,belum ada data yang ditemukan,belum ada data yang ditemukan
44,43,-,belum ada data yang ditemukan,belum ada data yang ditemukan
45,44,-,belum ada data yang ditemukan,belum ada data yang ditemukan
46,45,-,belum ada data yang ditemukan,belum ada data yang ditemukan
47,46,-,belum ada data yang ditemukan,belum ada data yang ditemukan
48,47,-,belum ada data yang ditemukan,belum ada data yang ditemukan
49,48,-,belum ada data yang ditemukan,belum ada data yang ditemukan
50,49,-,belum ada data yang ditemukan,belum ada data yang ditemukan
51,50,-,belum ada data yang ditemukan,belum ada data yang ditemukan
52,51,-,belum ada data yang ditemukan,belum ada data yang ditemukan
53,52,-,belum ada data yang ditemukan,belum ada data yang ditemukan
54,53,-,belum ada data yang ditemukan,belum ada data yang ditemukan
55,54,-,belum ada data yang ditemukan,belum ada data yang ditemukan
56,55,-,belum ada data yang ditemukan,belum ada data yang ditemukan
57,56,-,belum ada data yang ditemukan,belum ada data yang ditemukan
58,57,-,belum ada data yang ditemukan,belum ada data yang ditemukan
59,58,-,belum ada data yang ditemukan,belum ada data yang ditemukan
60,59,-,belum ada data yang ditemukan,belum ada data yang ditemukan
61,60,-,belum ada data yang ditemukan,belum ada data yang ditemukan
62,61,-,belum ada data yang ditemukan,belum ada data yang ditemukan
63,62,-,belum ada data yang ditemukan,belum ada data yang ditemukan
64,63,-,belum ada data yang ditemukan,belum ada data yang ditemukan
65,64,-,belum ada data yang ditemukan,belum ada data yang ditemukan
66,65,-,belum ada data yang ditemukan,belum ada data yang ditemukan
67,66,-,belum ada data yang ditemukan,belum ada data yang ditemukan
68,67,-,belum ada data yang ditemukan,belum ada data yang ditemukan
69,68,-,belum ada data yang ditemukan,belum ada data yang ditemukan
70,69,-,belum ada data yang ditemukan,belum ada data yang ditemukan
71,70,-,belum ada data yang ditemukan,belum ada data yang ditemukan
72,71,-,belum ada data yang ditemukan,belum ada data yang ditemukan
73,72,-,belum ada data yang ditemukan,belum ada data yang ditemukan
74,73,-,belum ada data yang ditemukan,belum ada data yang ditemukan
75,74,-,belum ada data yang ditemukan,belum ada data yang ditemukan
76,75,-,belum ada data yang ditemukan,belum ada data yang ditemukan
77,76,-,belum ada data yang ditemukan,belum ada data yang ditemukan
78,77,-,belum ada data yang ditemukan,belum ada data yang ditemukan
79,78,-,belum ada data yang ditemukan,belum ada data yang ditemukan
80,79,-,belum ada data yang ditemukan,belum ada data yang ditemukan
81,80,-,belum ada data yang ditemukan,belum ada data yang ditemukan
82,81,-,belum ada data yang ditemukan,belum ada data yang ditemukan
83,82,-,belum ada data yang ditemukan,belum ada data yang ditemukan
84,83,-,belum ada data yang ditemukan,belum ada data yang ditemukan
85,84,-,belum ada data yang ditemukan,belum ada data yang ditemukan
86,85,Anak-anak (Di bawah 12 tahun),Kontraindikasi,"Efek pencahar stimulan antrakuinon terlalu keras untuk saluran cerna anak, berisiko menyebabkan diare parah, kram perut, dan dehidrasi akut."
87,86,-,belum ada data yang ditemukan,belum ada data yang ditemukan
88,87,-,belum ada data yang ditemukan,belum ada data yang ditemukan
89,88,-,belum ada data yang ditemukan,belum ada data yang ditemukan
90,89,-,belum ada data yang ditemukan,belum ada data yang ditemukan
91,90,-,belum ada data yang ditemukan,belum ada data yang ditemukan
92,91,Ibu Hamil,Kontraindikasi,Getah (enzim papain) mentah pada ekstrak daun pepaya memiliki sifat oksitosik yang memicu kontraksi rahim prematur dan berpotensi menyebabkan keguguran.
93,92,-,belum ada data yang ditemukan,belum ada data yang ditemukan
94,93,-,belum ada data yang ditemukan,belum ada data yang ditemukan
95,94,-,belum ada data yang ditemukan,belum ada data yang ditemukan
96,95,-,belum ada data yang ditemukan,belum ada data yang ditemukan
97,96,-,belum ada data yang ditemukan,belum ada data yang ditemukan
98,97,-,belum ada data yang ditemukan,belum ada data yang ditemukan
99,98,-,belum ada data yang ditemukan,belum ada data yang ditemukan
100,99,-,belum ada data yang ditemukan,belum ada data yang ditemukan
101,100,-,belum ada data yang ditemukan,belum ada data yang ditemukan
102,101,Ibu Hamil,Kontraindikasi,Sifat pengencer darah (antiplatelet) yang kuat dari ekstrak Ginkgo berisiko memicu pendarahan berlebih saat proses persalinan.
103,101,Anak-anak,Peringatan Keras,Biji ginkgo mentah atau ekstrak yang tidak distandarisasi mengandung ginkgotoxin yang dapat memicu kejang mematikan pada anak-anak.
104,102,-,belum ada data yang ditemukan,belum ada data yang ditemukan
105,103,-,belum ada data yang ditemukan,belum ada data yang ditemukan
106,104,-,belum ada data yang ditemukan,belum ada data yang ditemukan
107,105,-,belum ada data yang ditemukan,belum ada data yang ditemukan
108,106,-,belum ada data yang ditemukan,belum ada data yang ditemukan
109,107,-,belum ada data yang ditemukan,belum ada data yang ditemukan
110,108,Anak-anak (Di bawah 12 tahun),Peringatan / Kontraindikasi,Otoritas medis seperti MHRA (UK) melarang konsumsi Echinacea oral pada anak di bawah 12 tahun karena tingginya risiko reaksi alergi parah (anafilaksis) yang melebihi manfaatnya.
111,109,-,belum ada data yang ditemukan,belum ada data yang ditemukan
112,110,-,belum ada data yang ditemukan,belum ada data yang ditemukan
113,111,-,belum ada data yang ditemukan,belum ada data yang ditemukan
114,112,Ibu Hamil & Menyusui,Kontraindikasi,"Zat aktifnya dapat menembus sawar plasenta dan ASI. Dilaporkan menyebabkan kolik, letargi, dan iritabilitas pada bayi yang disusui, serta risiko teratogenik pada janin."
115,113,-,belum ada data yang ditemukan,belum ada data yang ditemukan
116,114,-,belum ada data yang ditemukan,belum ada data yang ditemukan
117,115,-,belum ada data yang ditemukan,belum ada data yang ditemukan
118,116,-,belum ada data yang ditemukan,belum ada data yang ditemukan
119,117,-,belum ada data yang ditemukan,belum ada data yang ditemukan
120,118,-,belum ada data yang ditemukan,belum ada data yang ditemukan
121,119,-,belum ada data yang ditemukan,belum ada data yang ditemukan
122,120,-,belum ada data yang ditemukan,belum ada data yang ditemukan
123,121,-,belum ada data yang ditemukan,belum ada data yang ditemukan
124,122,Ibu Hamil,Peringatan,"Konsumsi ekstrak berlebih (EGCG) dapat menghambat penyerapan asam folat, yang sangat krusial di trimester pertama untuk mencegah cacat tabung saraf (neural tube defect) pada janin."
125,123,-,belum ada data yang ditemukan,belum ada data yang ditemukan
126,124,-,belum ada data yang ditemukan,belum ada data yang ditemukan
127,125,-,belum ada data yang ditemukan,belum ada data yang ditemukan
128,126,-,belum ada data yang ditemukan,belum ada data yang ditemukan
129,127,-,belum ada data yang ditemukan,belum ada data yang ditemukan
130,128,-,belum ada data yang ditemukan,belum ada data yang ditemukan
131,129,-,belum ada data yang ditemukan,belum ada data yang ditemukan
132,130,-,belum ada data yang ditemukan,belum ada data yang ditemukan
133,131,-,belum ada data yang ditemukan,belum ada data yang ditemukan
134,132,-,belum ada data yang ditemukan,belum ada data yang ditemukan
135,133,-,belum ada data yang ditemukan,belum ada data yang ditemukan
136,134,-,belum ada data yang ditemukan,belum ada data yang ditemukan
137,135,-,belum ada data yang ditemukan,belum ada data yang ditemukan
138,136,-,belum ada data yang ditemukan,belum ada data yang ditemukan
139,137,-,belum ada data yang ditemukan,belum ada data yang ditemukan
140,138,-,belum ada data yang ditemukan,belum ada data yang ditemukan
141,139,-,belum ada data yang ditemukan,belum ada data yang ditemukan
142,140,-,belum ada data yang ditemukan,belum ada data yang ditemukan
143,141,-,belum ada data yang ditemukan,belum ada data yang ditemukan
144,142,-,belum ada data yang ditemukan,belum ada data yang ditemukan
145,143,-,belum ada data yang ditemukan,belum ada data yang ditemukan
146,144,-,belum ada data yang ditemukan,belum ada data yang ditemukan
147,145,-,belum ada data yang ditemukan,belum ada data yang ditemukan
148,146,-,belum ada data yang ditemukan,belum ada data yang ditemukan
149,147,-,belum ada data yang ditemukan,belum ada data yang ditemukan
150,148,-,belum ada data yang ditemukan,belum ada data yang ditemukan
151,149,-,belum ada data yang ditemukan,belum ada data yang ditemukan
152,150,-,belum ada data yang ditemukan,belum ada data yang ditemukan
153,151,-,belum ada data yang ditemukan,belum ada data yang ditemukan
154,152,-,belum ada data yang ditemukan,belum ada data yang ditemukan
155,153,-,belum ada data yang ditemukan,belum ada data yang ditemukan
156,154,-,belum ada data yang ditemukan,belum ada data yang ditemukan
157,155,Ibu Hamil,Kontraindikasi,"Sebagai laksatif stimulan, senna dapat memicu refleks kontraksi panggul yang berisiko menstimulasi otot rahim dan memicu persalinan prematur."
158,155,Anak-anak (Di bawah 12 tahun),Kontraindikasi Mayor,"Sangat berbahaya dan dapat memicu dehidrasi ekstrem, kram hebat, serta hilangnya elektrolit yang fatal pada tubuh anak kecil."
159,156,-,belum ada data yang ditemukan,belum ada data yang ditemukan
160,157,-,belum ada data yang ditemukan,belum ada data yang ditemukan
161,158,-,belum ada data yang ditemukan,belum ada data yang ditemukan
162,159,-,belum ada data yang ditemukan,belum ada data yang ditemukan
163,160,-,belum ada data yang ditemukan,belum ada data yang ditemukan
164,161,-,belum ada data yang ditemukan,belum ada data yang ditemukan
165,162,-,belum ada data yang ditemukan,belum ada data yang ditemukan
166,163,-,belum ada data yang ditemukan,belum ada data yang ditemukan
167,164,-,belum ada data yang ditemukan,belum ada data yang ditemukan
168,165,-,belum ada data yang ditemukan,belum ada data yang ditemukan
169,166,-,belum ada data yang ditemukan,belum ada data yang ditemukan
170,167,-,belum ada data yang ditemukan,belum ada data yang ditemukan
171,168,-,belum ada data yang ditemukan,belum ada data yang ditemukan
172,169,-,belum ada data yang ditemukan,belum ada data yang ditemukan
173,170,-,belum ada data yang ditemukan,belum ada data yang ditemukan
174,171,-,belum ada data yang ditemukan,belum ada data yang ditemukan
175,172,-,belum ada data yang ditemukan,belum ada data yang ditemukan
176,173,-,belum ada data yang ditemukan,belum ada data yang ditemukan
177,174,-,belum ada data yang ditemukan,belum ada data yang ditemukan
178,175,-,belum ada data yang ditemukan,belum ada data yang ditemukan
179,176,-,belum ada data yang ditemukan,belum ada data yang ditemukan
180,177,-,belum ada data yang ditemukan,belum ada data yang ditemukan
181,178,-,belum ada data yang ditemukan,belum ada data yang ditemukan
182,179,-,belum ada data yang ditemukan,belum ada data yang ditemukan
183,180,-,belum ada data yang ditemukan,belum ada data yang ditemukan
184,181,-,belum ada data yang ditemukan,belum ada data yang ditemukan
185,182,-,belum ada data yang ditemukan,belum ada data yang ditemukan
186,183,-,belum ada data yang ditemukan,belum ada data yang ditemukan
187,184,-,belum ada data yang ditemukan,belum ada data yang ditemukan
188,185,Ibu Hamil,Kontraindikasi Fatal,"Konsumsi ekstrak akar manis tinggi glycyrrhizin selama kehamilan secara klinis terbukti mengganggu perkembangan saraf kognitif janin, memicu lahir prematur, dan menurunkan IQ anak kelak."
189,186,-,belum ada data yang ditemukan,belum ada data yang ditemukan
190,187,-,belum ada data yang ditemukan,belum ada data yang ditemukan
191,188,-,belum ada data yang ditemukan,belum ada data yang ditemukan
192,189,-,belum ada data yang ditemukan,belum ada data yang ditemukan
193,190,-,belum ada data yang ditemukan,belum ada data yang ditemukan
194,191,-,belum ada data yang ditemukan,belum ada data yang ditemukan
195,192,-,belum ada data yang ditemukan,belum ada data yang ditemukan
196,193,-,belum ada data yang ditemukan,belum ada data yang ditemukan
197,194,-,belum ada data yang ditemukan,belum ada data yang ditemukan
198,195,-,belum ada data yang ditemukan,belum ada data yang ditemukan
199,196,-,belum ada data yang ditemukan,belum ada data yang ditemukan
200,197,-,belum ada data yang ditemukan,belum ada data yang ditemukan
201,198,-,belum ada data yang ditemukan,belum ada data yang ditemukan
202,199,-,belum ada data yang ditemukan,belum ada data yang ditemukan
203,200,-,belum ada data yang ditemukan,belum ada data yang ditemukan
204,201,Ibu Hamil & Menyusui,Kontraindikasi,Dapat memengaruhi tonus otot rahim. Senyawa aktif kavalactones dapat diekskresikan melalui ASI dan menyebabkan efek sedasi (lemas/lesu) yang berbahaya pada bayi.
205,202,-,belum ada data yang ditemukan,belum ada data yang ditemukan
206,203,-,belum ada data yang ditemukan,belum ada data yang ditemukan
207,204,-,belum ada data yang ditemukan,belum ada data yang ditemukan
208,205,-,belum ada data yang ditemukan,belum ada data yang ditemukan
209,206,-,belum ada data yang ditemukan,belum ada data yang ditemukan
210,207,-,belum ada data yang ditemukan,belum ada data yang ditemukan
211,208,-,belum ada data yang ditemukan,belum ada data yang ditemukan
212,209,-,belum ada data yang ditemukan,belum ada data yang ditemukan
213,210,-,belum ada data yang ditemukan,belum ada data yang ditemukan
214,211,-,belum ada data yang ditemukan,belum ada data yang ditemukan
215,212,-,belum ada data yang ditemukan,belum ada data yang ditemukan
216,213,-,belum ada data yang ditemukan,belum ada data yang ditemukan
217,214,-,belum ada data yang ditemukan,belum ada data yang ditemukan
218,215,Ibu Hamil,Peringatan,"Konsumsi teh chamomile dalam batas wajar (1 cangkir) aman. Namun, ekstrak dosis tinggi atau minyak atsiri murni memiliki sifat emmenagogue ringan yang dapat memicu kontraksi panggul/rahim."
219,216,-,belum ada data yang ditemukan,belum ada data yang ditemukan
220,217,-,belum ada data yang ditemukan,belum ada data yang ditemukan
221,218,-,belum ada data yang ditemukan,belum ada data yang ditemukan
222,219,-,belum ada data yang ditemukan,belum ada data yang ditemukan
223,220,-,belum ada data yang ditemukan,belum ada data yang ditemukan
224,221,-,belum ada data yang ditemukan,belum ada data yang ditemukan
225,222,-,belum ada data yang ditemukan,belum ada data yang ditemukan
226,223,-,belum ada data yang ditemukan,belum ada data yang ditemukan
227,224,-,belum ada data yang ditemukan,belum ada data yang ditemukan
228,225,-,belum ada data yang ditemukan,belum ada data yang ditemukan
229,226,-,belum ada data yang ditemukan,belum ada data yang ditemukan
230,227,-,belum ada data yang ditemukan,belum ada data yang ditemukan
231,228,-,belum ada data yang ditemukan,belum ada data yang ditemukan
232,229,-,belum ada data yang ditemukan,belum ada data yang ditemukan
233,230,Ibu Hamil,Kontraindikasi,"Sebagai laksatif stimulan yang sangat kuat, senna dapat memicu refleks kontraksi panggul yang berisiko menstimulasi otot rahim dan memicu persalinan prematur atau keguguran."
234,230,Anak-anak (Di bawah 12 tahun),Kontraindikasi Mayor,"Efek pencahar antrakuinon terlalu ekstrem untuk usus anak-anak, berisiko tinggi memicu kram perut akut, diare berdarah, dan dehidrasi masif."
235,231,-,belum ada data yang ditemukan,belum ada data yang ditemukan
236,232,-,belum ada data yang ditemukan,belum ada data yang ditemukan
237,233,-,belum ada data yang ditemukan,belum ada data yang ditemukan
238,234,-,belum ada data yang ditemukan,belum ada data yang ditemukan
239,235,-,belum ada data yang ditemukan,belum ada data yang ditemukan
240,236,-,belum ada data yang ditemukan,belum ada data yang ditemukan
241,237,-,belum ada data yang ditemukan,belum ada data yang ditemukan
242,238,-,belum ada data yang ditemukan,belum ada data yang ditemukan
243,239,-,belum ada data yang ditemukan,belum ada data yang ditemukan
244,240,-,belum ada data yang ditemukan,belum ada data yang ditemukan
245,241,-,belum ada data yang ditemukan,belum ada data yang ditemukan
246,242,-,belum ada data yang ditemukan,belum ada data yang ditemukan
247,243,-,belum ada data yang ditemukan,belum ada data yang ditemukan
248,244,-,belum ada data yang ditemukan,belum ada data yang ditemukan
249,245,Ibu Hamil,Kontraindikasi,"Beberapa studi toksikologi menunjukkan komponen ginsenosida memiliki efek androgenik dan embriotoksik pada hewan uji, yang berpotensi memicu cacat bawaan (teratogenik) pada janin."
250,246,-,belum ada data yang ditemukan,belum ada data yang ditemukan
251,247,-,belum ada data yang ditemukan,belum ada data yang ditemukan
252,248,-,belum ada data yang ditemukan,belum ada data yang ditemukan
253,249,-,belum ada data yang ditemukan,belum ada data yang ditemukan
254,250,-,belum ada data yang ditemukan,belum ada data yang ditemukan
255,251,-,belum ada data yang ditemukan,belum ada data yang ditemukan
256,252,-,belum ada data yang ditemukan,belum ada data yang ditemukan
257,253,-,belum ada data yang ditemukan,belum ada data yang ditemukan
258,254,-,belum ada data yang ditemukan,belum ada data yang ditemukan
259,255,-,belum ada data yang ditemukan,belum ada data yang ditemukan
260,256,-,belum ada data yang ditemukan,belum ada data yang ditemukan
261,257,-,belum ada data yang ditemukan,belum ada data yang ditemukan
262,258,-,belum ada data yang ditemukan,belum ada data yang ditemukan
263,259,-,belum ada data yang ditemukan,belum ada data yang ditemukan
264,260,Ibu Hamil,Peringatan Keras (Batas Dosis),Asupan kafein di atas 200 mg per hari selama kehamilan dikaitkan kuat secara klinis dengan peningkatan risiko keguguran dan melahirkan bayi dengan berat badan rendah (BBLR).
265,261,-,belum ada data yang ditemukan,belum ada data yang ditemukan
266,262,-,belum ada data yang ditemukan,belum ada data yang ditemukan
267,263,-,belum ada data yang ditemukan,belum ada data yang ditemukan
268,264,-,belum ada data yang ditemukan,belum ada data yang ditemukan
269,265,-,belum ada data yang ditemukan,belum ada data yang ditemukan
270,266,-,belum ada data yang ditemukan,belum ada data yang ditemukan
271,267,-,belum ada data yang ditemukan,belum ada data yang ditemukan
272,268,-,belum ada data yang ditemukan,belum ada data yang ditemukan
273,269,-,belum ada data yang ditemukan,belum ada data yang ditemukan
274,270,-,belum ada data yang ditemukan,belum ada data yang ditemukan
275,271,-,belum ada data yang ditemukan,belum ada data yang ditemukan
276,272,-,belum ada data yang ditemukan,belum ada data yang ditemukan
277,273,-,belum ada data yang ditemukan,belum ada data yang ditemukan
278,274,-,belum ada data yang ditemukan,belum ada data yang ditemukan
279,275,Ibu Hamil & Menyusui,Peringatan,"Kurangnya studi keamanan klinis. Potensi efek depresi sistem saraf pusat pada janin atau transfer molekul sedatif melalui ASI kepada bayi tidak dapat disingkirkan, sehingga sebaiknya dihindari."
280,276,-,belum ada data yang ditemukan,belum ada data yang ditemukan
281,277,-,belum ada data yang ditemukan,belum ada data yang ditemukan
282,278,-,belum ada data yang ditemukan,belum ada data yang ditemukan
283,279,-,belum ada data yang ditemukan,belum ada data yang ditemukan
284,280,-,belum ada data yang ditemukan,belum ada data yang ditemukan
285,281,-,belum ada data yang ditemukan,belum ada data yang ditemukan
286,282,-,belum ada data yang ditemukan,belum ada data yang ditemukan
287,283,-,belum ada data yang ditemukan,belum ada data yang ditemukan
288,284,-,belum ada data yang ditemukan,belum ada data yang ditemukan
289,285,-,belum ada data yang ditemukan,belum ada data yang ditemukan
290,286,-,belum ada data yang ditemukan,belum ada data yang ditemukan
291,287,-,belum ada data yang ditemukan,belum ada data yang ditemukan
292,288,-,belum ada data yang ditemukan,belum ada data yang ditemukan
293,289,-,belum ada data yang ditemukan,belum ada data yang ditemukan
294,290,Ibu Hamil,Kontraindikasi Fatal,Telah lama digunakan secara tradisional di pengobatan Ayurveda sebagai abortifacient (penggugur kandungan). Memiliki efek spasmogenik kuat yang memicu keguguran pada trimester awal.
295,291,-,belum ada data yang ditemukan,belum ada data yang ditemukan
296,292,-,belum ada data yang ditemukan,belum ada data yang ditemukan
297,293,-,belum ada data yang ditemukan,belum ada data yang ditemukan
298,294,-,belum ada data yang ditemukan,belum ada data yang ditemukan
299,295,-,belum ada data yang ditemukan,belum ada data yang ditemukan
300,296,-,belum ada data yang ditemukan,belum ada data yang ditemukan
301,297,-,belum ada data yang ditemukan,belum ada data yang ditemukan
302,298,-,belum ada data yang ditemukan,belum ada data yang ditemukan
303,299,-,belum ada data yang ditemukan,belum ada data yang ditemukan
304,300,-,belum ada data yang ditemukan,belum ada data yang ditemukan
305,301,Ibu Hamil & Menyusui,Kontraindikasi Fatal,Menstimulasi otot rahim dan dapat menyebabkan peningkatan detak jantung janin secara berbahaya. Ekskresi senyawa alkaloid melalui ASI juga sangat toksik bagi bayi.
306,301,Anak-anak,Kontraindikasi Mayor,"Sistem saraf anak sangat rentan terhadap efek stimulan efedrin, berisiko memicu kejang, takikardia akut, hingga henti jantung."
307,302,-,belum ada data yang ditemukan,belum ada data yang ditemukan
308,303,-,belum ada data yang ditemukan,belum ada data yang ditemukan
309,304,-,belum ada data yang ditemukan,belum ada data yang ditemukan
310,305,-,belum ada data yang ditemukan,belum ada data yang ditemukan
311,306,-,belum ada data yang ditemukan,belum ada data yang ditemukan
312,307,-,belum ada data yang ditemukan,belum ada data yang ditemukan
313,308,-,belum ada data yang ditemukan,belum ada data yang ditemukan
314,309,-,belum ada data yang ditemukan,belum ada data yang ditemukan
315,310,-,belum ada data yang ditemukan,belum ada data yang ditemukan
316,311,-,belum ada data yang ditemukan,belum ada data yang ditemukan
317,312,-,belum ada data yang ditemukan,belum ada data yang ditemukan
318,313,-,belum ada data yang ditemukan,belum ada data yang ditemukan
319,314,-,belum ada data yang ditemukan,belum ada data yang ditemukan
320,315,Ibu Hamil & Anak-anak,Peringatan Keras,"Kadar kafein yang sangat tinggi (jauh di atas biji kopi) berisiko memicu berat badan lahir rendah, prematuritas pada janin, serta gangguan tidur dan perilaku akut pada anak-anak."
321,316,-,belum ada data yang ditemukan,belum ada data yang ditemukan
322,317,-,belum ada data yang ditemukan,belum ada data yang ditemukan
323,318,-,belum ada data yang ditemukan,belum ada data yang ditemukan
324,319,-,belum ada data yang ditemukan,belum ada data yang ditemukan
325,320,-,belum ada data yang ditemukan,belum ada data yang ditemukan
326,321,-,belum ada data yang ditemukan,belum ada data yang ditemukan
327,322,-,belum ada data yang ditemukan,belum ada data yang ditemukan
328,323,-,belum ada data yang ditemukan,belum ada data yang ditemukan
329,324,-,belum ada data yang ditemukan,belum ada data yang ditemukan
330,325,-,belum ada data yang ditemukan,belum ada data yang ditemukan
331,326,-,belum ada data yang ditemukan,belum ada data yang ditemukan
332,327,-,belum ada data yang ditemukan,belum ada data yang ditemukan
333,328,-,belum ada data yang ditemukan,belum ada data yang ditemukan
334,329,-,belum ada data yang ditemukan,belum ada data yang ditemukan
335,330,Ibu Hamil & Menyusui,Kontraindikasi,"Efek simpatomimetik dari senyawa synephrine berisiko menyempitkan pembuluh darah plasenta, yang sangat mengganggu aliran darah dan nutrisi penting untuk perkembangan janin."
336,331,-,belum ada data yang ditemukan,belum ada data yang ditemukan
337,332,-,belum ada data yang ditemukan,belum ada data yang ditemukan
338,333,-,belum ada data yang ditemukan,belum ada data yang ditemukan
339,334,-,belum ada data yang ditemukan,belum ada data yang ditemukan
340,335,-,belum ada data yang ditemukan,belum ada data yang ditemukan
341,336,-,belum ada data yang ditemukan,belum ada data yang ditemukan
342,337,-,belum ada data yang ditemukan,belum ada data yang ditemukan
343,338,-,belum ada data yang ditemukan,belum ada data yang ditemukan
344,339,-,belum ada data yang ditemukan,belum ada data yang ditemukan
345,340,-,belum ada data yang ditemukan,belum ada data yang ditemukan
346,341,-,belum ada data yang ditemukan,belum ada data yang ditemukan
347,342,-,belum ada data yang ditemukan,belum ada data yang ditemukan
348,343,-,belum ada data yang ditemukan,belum ada data yang ditemukan
349,344,-,belum ada data yang ditemukan,belum ada data yang ditemukan
350,345,-,belum ada data yang ditemukan,belum ada data yang ditemukan
351,346,-,belum ada data yang ditemukan,belum ada data yang ditemukan
352,347,-,belum ada data yang ditemukan,belum ada data yang ditemukan
353,348,-,belum ada data yang ditemukan,belum ada data yang ditemukan
354,349,-,belum ada data yang ditemukan,belum ada data yang ditemukan
355,350,Ibu Hamil & Anak-anak,Kontraindikasi Mayor,"Aktivitas anti-androgenik sangat mengganggu perkembangan organ seksual dan keseimbangan hormonal janin (terutama janin laki-laki), serta dapat mengacaukan masa pubertas pada anak-anak/remaja."
356,351,-,belum ada data yang ditemukan,belum ada data yang ditemukan
357,352,-,belum ada data yang ditemukan,belum ada data yang ditemukan
358,353,-,belum ada data yang ditemukan,belum ada data yang ditemukan
359,354,-,belum ada data yang ditemukan,belum ada data yang ditemukan
360,355,-,belum ada data yang ditemukan,belum ada data yang ditemukan
361,356,-,belum ada data yang ditemukan,belum ada data yang ditemukan
362,357,-,belum ada data yang ditemukan,belum ada data yang ditemukan
363,358,-,belum ada data yang ditemukan,belum ada data yang ditemukan
364,359,-,belum ada data yang ditemukan,belum ada data yang ditemukan
365,360,-,belum ada data yang ditemukan,belum ada data yang ditemukan
366,361,-,belum ada data yang ditemukan,belum ada data yang ditemukan
367,362,-,belum ada data yang ditemukan,belum ada data yang ditemukan
368,363,-,belum ada data yang ditemukan,belum ada data yang ditemukan
369,364,-,belum ada data yang ditemukan,belum ada data yang ditemukan
370,365,-,belum ada data yang ditemukan,belum ada data yang ditemukan
371,366,-,belum ada data yang ditemukan,belum ada data yang ditemukan
372,367,-,belum ada data yang ditemukan,belum ada data yang ditemukan
373,368,-,belum ada data yang ditemukan,belum ada data yang ditemukan
374,369,-,belum ada data yang ditemukan,belum ada data yang ditemukan
375,370,-,belum ada data yang ditemukan,belum ada data yang ditemukan
376,371,-,belum ada data yang ditemukan,belum ada data yang ditemukan
377,372,-,belum ada data yang ditemukan,belum ada data yang ditemukan
378,373,-,belum ada data yang ditemukan,belum ada data yang ditemukan
379,374,-,belum ada data yang ditemukan,belum ada data yang ditemukan
380,375,Ibu Hamil,Kontraindikasi Mayor,Memiliki riwayat penggunaan tradisional sebagai agen untuk menginduksi persalinan. Konsumsi oral ekstrak ini terbukti dapat memicu kontraksi rahim prematur dan berisiko keguguran.
381,376,-,belum ada data yang ditemukan,belum ada data yang ditemukan
382,377,-,belum ada data yang ditemukan,belum ada data yang ditemukan
383,378,-,belum ada data yang ditemukan,belum ada data yang ditemukan
384,379,-,belum ada data yang ditemukan,belum ada data yang ditemukan
385,380,-,belum ada data yang ditemukan,belum ada data yang ditemukan
386,381,-,belum ada data yang ditemukan,belum ada data yang ditemukan
387,382,-,belum ada data yang ditemukan,belum ada data yang ditemukan
388,383,-,belum ada data yang ditemukan,belum ada data yang ditemukan
389,384,-,belum ada data yang ditemukan,belum ada data yang ditemukan
390,385,-,belum ada data yang ditemukan,belum ada data yang ditemukan
391,386,-,belum ada data yang ditemukan,belum ada data yang ditemukan
392,387,-,belum ada data yang ditemukan,belum ada data yang ditemukan
393,388,-,belum ada data yang ditemukan,belum ada data yang ditemukan
394,389,-,belum ada data yang ditemukan,belum ada data yang ditemukan
395,390,"Ibu Hamil, Menyusui, & Anak-anak",Kontraindikasi Fatal,"Sangat beracun (toksik) untuk kelompok rentan. Dapat memicu keracunan saraf pusat, kerusakan ginjal, dan kejang yang mengancam nyawa, bahkan pada dosis yang ditoleransi oleh orang dewasa sehat."
396,391,-,belum ada data yang ditemukan,belum ada data yang ditemukan
397,392,-,belum ada data yang ditemukan,belum ada data yang ditemukan
398,393,-,belum ada data yang ditemukan,belum ada data yang ditemukan
399,394,-,belum ada data yang ditemukan,belum ada data yang ditemukan
400,395,-,belum ada data yang ditemukan,belum ada data yang ditemukan
401,396,-,belum ada data yang ditemukan,belum ada data yang ditemukan
402,397,-,belum ada data yang ditemukan,belum ada data yang ditemukan
403,398,-,belum ada data yang ditemukan,belum ada data yang ditemukan
404,399,-,belum ada data yang ditemukan,belum ada data yang ditemukan
405,400,-,belum ada data yang ditemukan,belum ada data yang ditemukan
406,401,Anak-anak (Di bawah 16 tahun),Kontraindikasi Fatal,Mengandung senyawa salisilat alami yang berisiko tinggi memicu Sindrom Reye (kerusakan otak dan hati yang mematikan) pada anak-anak yang sedang atau baru sembuh dari infeksi virus (seperti flu atau cacar air).
407,401,Ibu Hamil (Trimester 3),Kontraindikasi Mayor,"Sama seperti aspirin, salisilat dapat menyebabkan penutupan prematur duktus arteriosus pada jantung janin dan memicu pendarahan berlebih saat persalinan."
408,402,-,belum ada data yang ditemukan,belum ada data yang ditemukan
409,403,-,belum ada data yang ditemukan,belum ada data yang ditemukan
410,404,-,belum ada data yang ditemukan,belum ada data yang ditemukan
411,405,-,belum ada data yang ditemukan,belum ada data yang ditemukan
412,406,-,belum ada data yang ditemukan,belum ada data yang ditemukan
413,407,-,belum ada data yang ditemukan,belum ada data yang ditemukan
414,408,-,belum ada data yang ditemukan,belum ada data yang ditemukan
415,409,-,belum ada data yang ditemukan,belum ada data yang ditemukan
416,410,-,belum ada data yang ditemukan,belum ada data yang ditemukan
417,411,-,belum ada data yang ditemukan,belum ada data yang ditemukan
418,412,-,belum ada data yang ditemukan,belum ada data yang ditemukan
419,413,-,belum ada data yang ditemukan,belum ada data yang ditemukan
420,414,-,belum ada data yang ditemukan,belum ada data yang ditemukan
421,415,Ibu Hamil & Menyusui,Peringatan,Belum ada uji klinis yang memadai terkait keamanannya pada ibu hamil. Efek fitoestrogeniknya dikhawatirkan dapat mengganggu keseimbangan hormon alami yang krusial selama kehamilan.
422,416,-,belum ada data yang ditemukan,belum ada data yang ditemukan
423,417,-,belum ada data yang ditemukan,belum ada data yang ditemukan
424,418,-,belum ada data yang ditemukan,belum ada data yang ditemukan
425,419,-,belum ada data yang ditemukan,belum ada data yang ditemukan
426,420,-,belum ada data yang ditemukan,belum ada data yang ditemukan
427,421,-,belum ada data yang ditemukan,belum ada data yang ditemukan
428,422,-,belum ada data yang ditemukan,belum ada data yang ditemukan
429,423,-,belum ada data yang ditemukan,belum ada data yang ditemukan
430,424,-,belum ada data yang ditemukan,belum ada data yang ditemukan
431,425,-,belum ada data yang ditemukan,belum ada data yang ditemukan
432,426,-,belum ada data yang ditemukan,belum ada data yang ditemukan
433,427,-,belum ada data yang ditemukan,belum ada data yang ditemukan
434,428,-,belum ada data yang ditemukan,belum ada data yang ditemukan
435,429,-,belum ada data yang ditemukan,belum ada data yang ditemukan
436,430,Anak-anak,Aman Terbatas,"Konsumsi jus murni atau buah utuh umumnya aman, namun pemberian ekstrak suplemen dosis tinggi tidak disarankan tanpa pengawasan dokter karena kurangnya uji keamanan pediatrik."
437,431,-,belum ada data yang ditemukan,belum ada data yang ditemukan
438,432,-,belum ada data yang ditemukan,belum ada data yang ditemukan
439,433,-,belum ada data yang ditemukan,belum ada data yang ditemukan
440,434,-,belum ada data yang ditemukan,belum ada data yang ditemukan
441,435,-,belum ada data yang ditemukan,belum ada data yang ditemukan
442,436,-,belum ada data yang ditemukan,belum ada data yang ditemukan
443,437,-,belum ada data yang ditemukan,belum ada data yang ditemukan
444,438,-,belum ada data yang ditemukan,belum ada data yang ditemukan
445,439,-,belum ada data yang ditemukan,belum ada data yang ditemukan
446,440,-,belum ada data yang ditemukan,belum ada data yang ditemukan
447,441,-,belum ada data yang ditemukan,belum ada data yang ditemukan
448,442,-,belum ada data yang ditemukan,belum ada data yang ditemukan
449,443,-,belum ada data yang ditemukan,belum ada data yang ditemukan
450,444,-,belum ada data yang ditemukan,belum ada data yang ditemukan
451,445,-,belum ada data yang ditemukan,belum ada data yang ditemukan
452,446,-,belum ada data yang ditemukan,belum ada data yang ditemukan
453,447,-,belum ada data yang ditemukan,belum ada data yang ditemukan
454,448,-,belum ada data yang ditemukan,belum ada data yang ditemukan
455,449,-,belum ada data yang ditemukan,belum ada data yang ditemukan
456,450,Ibu Hamil & Menyusui,Peringatan,"Meskipun secara tradisional digunakan sebagai pelancar ASI (galaktagog), data uji klinis modern yang memvalidasi keamanannya bagi perkembangan janin dan bayi masih sangat terbatas."
457,451,-,belum ada data yang ditemukan,belum ada data yang ditemukan
458,452,-,belum ada data yang ditemukan,belum ada data yang ditemukan
459,453,-,belum ada data yang ditemukan,belum ada data yang ditemukan
460,454,-,belum ada data yang ditemukan,belum ada data yang ditemukan
461,455,-,belum ada data yang ditemukan,belum ada data yang ditemukan
462,456,-,belum ada data yang ditemukan,belum ada data yang ditemukan
463,457,-,belum ada data yang ditemukan,belum ada data yang ditemukan
464,458,-,belum ada data yang ditemukan,belum ada data yang ditemukan
465,459,-,belum ada data yang ditemukan,belum ada data yang ditemukan
466,460,-,belum ada data yang ditemukan,belum ada data yang ditemukan
467,461,-,belum ada data yang ditemukan,belum ada data yang ditemukan
468,462,-,belum ada data yang ditemukan,belum ada data yang ditemukan
469,463,-,belum ada data yang ditemukan,belum ada data yang ditemukan
470,464,-,belum ada data yang ditemukan,belum ada data yang ditemukan
471,465,-,belum ada data yang ditemukan,belum ada data yang ditemukan
472,466,-,belum ada data yang ditemukan,belum ada data yang ditemukan
473,467,-,belum ada data yang ditemukan,belum ada data yang ditemukan
474,468,-,belum ada data yang ditemukan,belum ada data yang ditemukan
475,469,-,belum ada data yang ditemukan,belum ada data yang ditemukan
476,470,-,belum ada data yang ditemukan,belum ada data yang ditemukan
477,471,-,belum ada data yang ditemukan,belum ada data yang ditemukan
478,472,-,belum ada data yang ditemukan,belum ada data yang ditemukan
479,473,-,belum ada data yang ditemukan,belum ada data yang ditemukan
480,474,-,belum ada data yang ditemukan,belum ada data yang ditemukan
481,475,Ibu Hamil,Kontraindikasi Fatal,"Sangat kuat merangsang rahim (uterotonik). Konsumsi oral terbukti memicu kontraksi panggul hebat yang sering berujung pada persalinan prematur, terlepasnya mekonium di dalam rahim, atau keguguran."
482,475,Anak-anak (Di bawah 12 tahun),Kontraindikasi,"Sebagai agen laksatif stimulan yang agresif, efeknya terlalu keras untuk saluran cerna anak-anak, sangat berisiko memicu kram akut dan dehidrasi parah."
483,476,-,belum ada data yang ditemukan,belum ada data yang ditemukan
484,477,-,belum ada data yang ditemukan,belum ada data yang ditemukan
485,478,-,belum ada data yang ditemukan,belum ada data yang ditemukan
486,479,-,belum ada data yang ditemukan,belum ada data yang ditemukan
487,480,-,belum ada data yang ditemukan,belum ada data yang ditemukan
488,481,-,belum ada data yang ditemukan,belum ada data yang ditemukan
489,482,-,belum ada data yang ditemukan,belum ada data yang ditemukan
490,483,-,belum ada data yang ditemukan,belum ada data yang ditemukan
491,484,-,belum ada data yang ditemukan,belum ada data yang ditemukan
492,485,-,belum ada data yang ditemukan,belum ada data yang ditemukan
493,486,-,belum ada data yang ditemukan,belum ada data yang ditemukan
494,487,-,belum ada data yang ditemukan,belum ada data yang ditemukan
495,488,-,belum ada data yang ditemukan,belum ada data yang ditemukan
496,489,-,belum ada data yang ditemukan,belum ada data yang ditemukan
497,490,Ibu Hamil & Menyusui,Kontraindikasi,"Ekstrak Garcinia (HCA) bekerja dengan menghambat sintesis asam lemak dan kolesterol. Padahal, produksi lipid dan kolesterol sangat esensial bagi perkembangan otak, sistem saraf janin, dan produksi hormon kehamilan."
498,491,-,belum ada data yang ditemukan,belum ada data yang ditemukan
499,492,-,belum ada data yang ditemukan,belum ada data yang ditemukan
500,493,-,belum ada data yang ditemukan,belum ada data yang ditemukan
501,494,-,belum ada data yang ditemukan,belum ada data yang ditemukan
502,495,-,belum ada data yang ditemukan,belum ada data yang ditemukan
503,496,-,belum ada data yang ditemukan,belum ada data yang ditemukan
504,497,-,belum ada data yang ditemukan,belum ada data yang ditemukan
505,498,-,belum ada data yang ditemukan,belum ada data yang ditemukan
506,499,-,belum ada data yang ditemukan,belum ada data yang ditemukan
507,500,-,belum ada data yang ditemukan,belum ada data yang ditemukan
508,401,Anak-anak (Di bawah 16 tahun),Kontraindikasi Fatal,Mengandung senyawa salisilat alami yang berisiko tinggi memicu Sindrom Reye (kerusakan otak dan hati yang mematikan) pada anak-anak yang sedang atau baru sembuh dari infeksi virus (seperti flu atau cacar air).
509,401,Ibu Hamil (Trimester 3),Kontraindikasi Mayor,"Sama seperti aspirin, salisilat dapat menyebabkan penutupan prematur duktus arteriosus pada jantung janin dan memicu pendarahan berlebih saat persalinan."
510,402,-,belum ada data yang ditemukan,belum ada data yang ditemukan
511,403,-,belum ada data yang ditemukan,belum ada data yang ditemukan
512,404,-,belum ada data yang ditemukan,belum ada data yang ditemukan
513,405,-,belum ada data yang ditemukan,belum ada data yang ditemukan
514,406,-,belum ada data yang ditemukan,belum ada data yang ditemukan
515,407,-,belum ada data yang ditemukan,belum ada data yang ditemukan
516,408,-,belum ada data yang ditemukan,belum ada data yang ditemukan
517,409,-,belum ada data yang ditemukan,belum ada data yang ditemukan
518,410,-,belum ada data yang ditemukan,belum ada data yang ditemukan
519,411,-,belum ada data yang ditemukan,belum ada data yang ditemukan
520,412,-,belum ada data yang ditemukan,belum ada data yang ditemukan
521,413,-,belum ada data yang ditemukan,belum ada data yang ditemukan
522,414,-,belum ada data yang ditemukan,belum ada data yang ditemukan
523,415,Ibu Hamil & Menyusui,Peringatan,Belum ada uji klinis yang memadai terkait keamanannya pada ibu hamil. Efek fitoestrogeniknya dikhawatirkan dapat mengganggu keseimbangan hormon alami yang krusial selama kehamilan.
524,416,-,belum ada data yang ditemukan,belum ada data yang ditemukan
525,417,-,belum ada data yang ditemukan,belum ada data yang ditemukan
526,418,-,belum ada data yang ditemukan,belum ada data yang ditemukan
527,419,-,belum ada data yang ditemukan,belum ada data yang ditemukan
528,420,-,belum ada data yang ditemukan,belum ada data yang ditemukan
529,421,-,belum ada data yang ditemukan,belum ada data yang ditemukan
530,422,-,belum ada data yang ditemukan,belum ada data yang ditemukan
531,423,-,belum ada data yang ditemukan,belum ada data yang ditemukan
532,424,-,belum ada data yang ditemukan,belum ada data yang ditemukan
533,425,-,belum ada data yang ditemukan,belum ada data yang ditemukan
534,426,-,belum ada data yang ditemukan,belum ada data yang ditemukan
535,427,-,belum ada data yang ditemukan,belum ada data yang ditemukan
536,428,-,belum ada data yang ditemukan,belum ada data yang ditemukan
537,429,-,belum ada data yang ditemukan,belum ada data yang ditemukan
538,430,Anak-anak,Aman Terbatas,"Konsumsi jus murni atau buah utuh umumnya aman, namun pemberian ekstrak suplemen dosis tinggi tidak disarankan tanpa pengawasan dokter karena kurangnya uji keamanan pediatrik."
539,431,-,belum ada data yang ditemukan,belum ada data yang ditemukan
540,432,-,belum ada data yang ditemukan,belum ada data yang ditemukan
541,433,-,belum ada data yang ditemukan,belum ada data yang ditemukan
542,434,-,belum ada data yang ditemukan,belum ada data yang ditemukan
543,435,-,belum ada data yang ditemukan,belum ada data yang ditemukan
544,436,-,belum ada data yang ditemukan,belum ada data yang ditemukan
545,437,-,belum ada data yang ditemukan,belum ada data yang ditemukan
546,438,-,belum ada data yang ditemukan,belum ada data yang ditemukan
547,439,-,belum ada data yang ditemukan,belum ada data yang ditemukan
548,440,-,belum ada data yang ditemukan,belum ada data yang ditemukan
549,441,-,belum ada data yang ditemukan,belum ada data yang ditemukan
550,442,-,belum ada data yang ditemukan,belum ada data yang ditemukan
551,443,-,belum ada data yang ditemukan,belum ada data yang ditemukan
552,444,-,belum ada data yang ditemukan,belum ada data yang ditemukan
553,445,-,belum ada data yang ditemukan,belum ada data yang ditemukan
554,446,-,belum ada data yang ditemukan,belum ada data yang ditemukan
555,447,-,belum ada data yang ditemukan,belum ada data yang ditemukan
556,448,-,belum ada data yang ditemukan,belum ada data yang ditemukan
557,449,-,belum ada data yang ditemukan,belum ada data yang ditemukan
558,450,Ibu Hamil & Menyusui,Peringatan,"Meskipun secara tradisional digunakan sebagai pelancar ASI (galaktagog), data uji klinis modern yang memvalidasi keamanannya bagi perkembangan janin dan bayi masih sangat terbatas."
559,451,-,belum ada data yang ditemukan,belum ada data yang ditemukan
560,452,-,belum ada data yang ditemukan,belum ada data yang ditemukan
561,453,-,belum ada data yang ditemukan,belum ada data yang ditemukan
562,454,-,belum ada data yang ditemukan,belum ada data yang ditemukan
563,455,-,belum ada data yang ditemukan,belum ada data yang ditemukan
564,456,-,belum ada data yang ditemukan,belum ada data yang ditemukan
565,457,-,belum ada data yang ditemukan,belum ada data yang ditemukan
566,458,-,belum ada data yang ditemukan,belum ada data yang ditemukan
567,459,-,belum ada data yang ditemukan,belum ada data yang ditemukan
568,460,-,belum ada data yang ditemukan,belum ada data yang ditemukan
569,461,-,belum ada data yang ditemukan,belum ada data yang ditemukan
570,462,-,belum ada data yang ditemukan,belum ada data yang ditemukan
571,463,-,belum ada data yang ditemukan,belum ada data yang ditemukan
572,464,-,belum ada data yang ditemukan,belum ada data yang ditemukan
573,465,-,belum ada data yang ditemukan,belum ada data yang ditemukan
574,466,-,belum ada data yang ditemukan,belum ada data yang ditemukan
575,467,-,belum ada data yang ditemukan,belum ada data yang ditemukan
576,468,-,belum ada data yang ditemukan,belum ada data yang ditemukan
577,469,-,belum ada data yang ditemukan,belum ada data yang ditemukan
578,470,-,belum ada data yang ditemukan,belum ada data yang ditemukan
579,471,-,belum ada data yang ditemukan,belum ada data yang ditemukan
580,472,-,belum ada data yang ditemukan,belum ada data yang ditemukan
581,473,-,belum ada data yang ditemukan,belum ada data yang ditemukan
582,474,-,belum ada data yang ditemukan,belum ada data yang ditemukan
583,475,Ibu Hamil,Kontraindikasi Fatal,"Sangat kuat merangsang rahim (uterotonik). Konsumsi oral terbukti memicu kontraksi panggul hebat yang sering berujung pada persalinan prematur, terlepasnya mekonium di dalam rahim, atau keguguran."
584,475,Anak-anak (Di bawah 12 tahun),Kontraindikasi,"Sebagai agen laksatif stimulan yang agresif, efeknya terlalu keras untuk saluran cerna anak-anak, sangat berisiko memicu kram akut dan dehidrasi parah."
585,476,-,belum ada data yang ditemukan,belum ada data yang ditemukan
586,477,-,belum ada data yang ditemukan,belum ada data yang ditemukan
587,478,-,belum ada data yang ditemukan,belum ada data yang ditemukan
588,479,-,belum ada data yang ditemukan,belum ada data yang ditemukan
589,480,-,belum ada data yang ditemukan,belum ada data yang ditemukan
590,481,-,belum ada data yang ditemukan,belum ada data yang ditemukan
591,482,-,belum ada data yang ditemukan,belum ada data yang ditemukan
592,483,-,belum ada data yang ditemukan,belum ada data yang ditemukan
593,484,-,belum ada data yang ditemukan,belum ada data yang ditemukan
594,485,-,belum ada data yang ditemukan,belum ada data yang ditemukan
595,486,-,belum ada data yang ditemukan,belum ada data yang ditemukan
596,487,-,belum ada data yang ditemukan,belum ada data yang ditemukan
597,488,-,belum ada data yang ditemukan,belum ada data yang ditemukan
598,489,-,belum ada data yang ditemukan,belum ada data yang ditemukan
599,490,Ibu Hamil & Menyusui,Kontraindikasi,"Ekstrak Garcinia (HCA) bekerja dengan menghambat sintesis asam lemak dan kolesterol. Padahal, produksi lipid dan kolesterol sangat esensial bagi perkembangan otak, sistem saraf janin, dan produksi hormon kehamilan."
600,491,-,belum ada data yang ditemukan,belum ada data yang ditemukan
601,492,-,belum ada data yang ditemukan,belum ada data yang ditemukan
602,493,-,belum ada data yang ditemukan,belum ada data yang ditemukan
603,494,-,belum ada data yang ditemukan,belum ada data yang ditemukan
604,495,-,belum ada data yang ditemukan,belum ada data yang ditemukan
605,496,-,belum ada data yang ditemukan,belum ada data yang ditemukan
606,497,-,belum ada data yang ditemukan,belum ada data yang ditemukan
607,498,-,belum ada data yang ditemukan,belum ada data yang ditemukan
608,499,-,belum ada data yang ditemukan,belum ada data yang ditemukan
609,500,-,belum ada data yang ditemukan,belum ada data yang ditemukan
610,601,Ibu Hamil & Menyusui,Kontraindikasi,"Memiliki efek uterotonik ringan yang dapat merangsang otot rahim, berpotensi memicu kontraksi dini. Belum ada data uji klinis memadai untuk menjamin keamanannya pada ibu menyusui."
611,602,-,belum ada data yang ditemukan,belum ada data yang ditemukan
612,603,-,belum ada data yang ditemukan,belum ada data yang ditemukan
613,604,-,belum ada data yang ditemukan,belum ada data yang ditemukan
614,605,-,belum ada data yang ditemukan,belum ada data yang ditemukan
615,606,-,belum ada data yang ditemukan,belum ada data yang ditemukan
616,607,-,belum ada data yang ditemukan,belum ada data yang ditemukan
617,608,-,belum ada data yang ditemukan,belum ada data yang ditemukan
618,609,-,belum ada data yang ditemukan,belum ada data yang ditemukan
619,610,-,belum ada data yang ditemukan,belum ada data yang ditemukan
620,611,-,belum ada data yang ditemukan,belum ada data yang ditemukan
621,612,-,belum ada data yang ditemukan,belum ada data yang ditemukan
622,613,-,belum ada data yang ditemukan,belum ada data yang ditemukan
623,614,-,belum ada data yang ditemukan,belum ada data yang ditemukan
624,615,Ibu Hamil & Anak-anak,Peringatan,Sifat stimulan ringan pada sistem saraf pusat dapat memengaruhi janin dan perkembangan saraf anak. Tidak direkomendasikan penggunaannya secara klinis karena kurangnya bukti keamanan medis yang kuat.
625,616,-,belum ada data yang ditemukan,belum ada data yang ditemukan
626,617,-,belum ada data yang ditemukan,belum ada data yang ditemukan
627,618,-,belum ada data yang ditemukan,belum ada data yang ditemukan
628,619,-,belum ada data yang ditemukan,belum ada data yang ditemukan
629,620,-,belum ada data yang ditemukan,belum ada data yang ditemukan
630,621,-,belum ada data yang ditemukan,belum ada data yang ditemukan
631,622,-,belum ada data yang ditemukan,belum ada data yang ditemukan
632,623,-,belum ada data yang ditemukan,belum ada data yang ditemukan
633,624,-,belum ada data yang ditemukan,belum ada data yang ditemukan
634,625,-,belum ada data yang ditemukan,belum ada data yang ditemukan
635,626,-,belum ada data yang ditemukan,belum ada data yang ditemukan
636,627,-,belum ada data yang ditemukan,belum ada data yang ditemukan
637,628,-,belum ada data yang ditemukan,belum ada data yang ditemukan
638,629,-,belum ada data yang ditemukan,belum ada data yang ditemukan
639,630,Bayi & Anak Balita,Kontraindikasi Mayor,"Penggunaan minyak peppermint (kandungan menthol tinggi) baik dioleskan atau dihirup dekat area hidung/wajah bayi dapat memicu kejang laring (laryngospasm), henti napas (apnea), hingga kematian seketika."
640,631,-,belum ada data yang ditemukan,belum ada data yang ditemukan
641,632,-,belum ada data yang ditemukan,belum ada data yang ditemukan
642,633,-,belum ada data yang ditemukan,belum ada data yang ditemukan
643,634,-,belum ada data yang ditemukan,belum ada data yang ditemukan
644,635,-,belum ada data yang ditemukan,belum ada data yang ditemukan
645,636,-,belum ada data yang ditemukan,belum ada data yang ditemukan
646,637,-,belum ada data yang ditemukan,belum ada data yang ditemukan
647,638,-,belum ada data yang ditemukan,belum ada data yang ditemukan
648,639,-,belum ada data yang ditemukan,belum ada data yang ditemukan
649,640,-,belum ada data yang ditemukan,belum ada data yang ditemukan
650,641,-,belum ada data yang ditemukan,belum ada data yang ditemukan
651,642,-,belum ada data yang ditemukan,belum ada data yang ditemukan
652,643,-,belum ada data yang ditemukan,belum ada data yang ditemukan
653,644,-,belum ada data yang ditemukan,belum ada data yang ditemukan
654,645,-,belum ada data yang ditemukan,belum ada data yang ditemukan
655,646,-,belum ada data yang ditemukan,belum ada data yang ditemukan
656,647,-,belum ada data yang ditemukan,belum ada data yang ditemukan
657,648,-,belum ada data yang ditemukan,belum ada data yang ditemukan
658,649,-,belum ada data yang ditemukan,belum ada data yang ditemukan
659,650,Ibu Hamil,Kontraindikasi Fatal,"Sangat dikenal dalam literatur farmakognosi sebagai emmenagogue kuat (peluruh haid) yang dapat memicu perdarahan rahim, kontraksi paksa, dan keguguran secara spontan pada wanita hamil."
660,651,-,belum ada data yang ditemukan,belum ada data yang ditemukan
661,652,-,belum ada data yang ditemukan,belum ada data yang ditemukan
662,653,-,belum ada data yang ditemukan,belum ada data yang ditemukan
663,654,-,belum ada data yang ditemukan,belum ada data yang ditemukan
664,655,-,belum ada data yang ditemukan,belum ada data yang ditemukan
665,656,-,belum ada data yang ditemukan,belum ada data yang ditemukan
666,657,-,belum ada data yang ditemukan,belum ada data yang ditemukan
667,658,-,belum ada data yang ditemukan,belum ada data yang ditemukan
668,659,-,belum ada data yang ditemukan,belum ada data yang ditemukan
669,660,-,belum ada data yang ditemukan,belum ada data yang ditemukan
670,661,-,belum ada data yang ditemukan,belum ada data yang ditemukan
671,662,-,belum ada data yang ditemukan,belum ada data yang ditemukan
672,663,-,belum ada data yang ditemukan,belum ada data yang ditemukan
673,664,-,belum ada data yang ditemukan,belum ada data yang ditemukan
674,665,-,belum ada data yang ditemukan,belum ada data yang ditemukan
675,666,-,belum ada data yang ditemukan,belum ada data yang ditemukan
676,667,-,belum ada data yang ditemukan,belum ada data yang ditemukan
677,668,-,belum ada data yang ditemukan,belum ada data yang ditemukan
678,669,-,belum ada data yang ditemukan,belum ada data yang ditemukan
679,670,-,belum ada data yang ditemukan,belum ada data yang ditemukan
680,671,-,belum ada data yang ditemukan,belum ada data yang ditemukan
681,672,-,belum ada data yang ditemukan,belum ada data yang ditemukan
682,673,-,belum ada data yang ditemukan,belum ada data yang ditemukan
683,674,-,belum ada data yang ditemukan,belum ada data yang ditemukan
684,675,-,belum ada data yang ditemukan,belum ada data yang ditemukan
685,676,-,belum ada data yang ditemukan,belum ada data yang ditemukan
686,677,-,belum ada data yang ditemukan,belum ada data yang ditemukan
687,678,-,belum ada data yang ditemukan,belum ada data yang ditemukan
688,679,-,belum ada data yang ditemukan,belum ada data yang ditemukan
689,680,-,belum ada data yang ditemukan,belum ada data yang ditemukan
690,681,-,belum ada data yang ditemukan,belum ada data yang ditemukan
691,682,-,belum ada data yang ditemukan,belum ada data yang ditemukan
692,683,-,belum ada data yang ditemukan,belum ada data yang ditemukan
693,684,-,belum ada data yang ditemukan,belum ada data yang ditemukan
694,685,-,belum ada data yang ditemukan,belum ada data yang ditemukan
695,686,-,belum ada data yang ditemukan,belum ada data yang ditemukan
696,687,-,belum ada data yang ditemukan,belum ada data yang ditemukan
697,688,-,belum ada data yang ditemukan,belum ada data yang ditemukan
698,689,-,belum ada data yang ditemukan,belum ada data yang ditemukan
699,690,-,belum ada data yang ditemukan,belum ada data yang ditemukan
700,691,-,belum ada data yang ditemukan,belum ada data yang ditemukan
701,692,-,belum ada data yang ditemukan,belum ada data yang ditemukan
702,693,-,belum ada data yang ditemukan,belum ada data yang ditemukan
703,694,-,belum ada data yang ditemukan,belum ada data yang ditemukan
704,695,-,belum ada data yang ditemukan,belum ada data yang ditemukan
705,696,-,belum ada data yang ditemukan,belum ada data yang ditemukan
706,697,-,belum ada data yang ditemukan,belum ada data yang ditemukan
707,698,-,belum ada data yang ditemukan,belum ada data yang ditemukan
708,699,-,belum ada data yang ditemukan,belum ada data yang ditemukan
709,700,-,belum ada data yang ditemukan,belum ada data yang ditemukan
710,701,"Ibu Hamil, Menyusui, & Anak-anak",Peringatan,Kurangnya uji klinis komprehensif terkait keamanan jangka panjang. Sifat kardioaktifnya dikhawatirkan memengaruhi hemodinamika ibu hamil atau perkembangan jantung janin/anak tanpa pengawasan medis ketat.
711,702,-,belum ada data yang ditemukan,belum ada data yang ditemukan
712,703,-,belum ada data yang ditemukan,belum ada data yang ditemukan
713,704,-,belum ada data yang ditemukan,belum ada data yang ditemukan
714,705,-,belum ada data yang ditemukan,belum ada data yang ditemukan
715,706,-,belum ada data yang ditemukan,belum ada data yang ditemukan
716,707,-,belum ada data yang ditemukan,belum ada data yang ditemukan
717,708,-,belum ada data yang ditemukan,belum ada data yang ditemukan
718,709,-,belum ada data yang ditemukan,belum ada data yang ditemukan
719,710,-,belum ada data yang ditemukan,belum ada data yang ditemukan
720,711,-,belum ada data yang ditemukan,belum ada data yang ditemukan
721,712,-,belum ada data yang ditemukan,belum ada data yang ditemukan
722,713,-,belum ada data yang ditemukan,belum ada data yang ditemukan
723,714,-,belum ada data yang ditemukan,belum ada data yang ditemukan
724,715,-,belum ada data yang ditemukan,belum ada data yang ditemukan
725,716,-,belum ada data yang ditemukan,belum ada data yang ditemukan
726,717,-,belum ada data yang ditemukan,belum ada data yang ditemukan
727,718,-,belum ada data yang ditemukan,belum ada data yang ditemukan
728,719,-,belum ada data yang ditemukan,belum ada data yang ditemukan
729,720,-,belum ada data yang ditemukan,belum ada data yang ditemukan
730,721,-,belum ada data yang ditemukan,belum ada data yang ditemukan
731,722,-,belum ada data yang ditemukan,belum ada data yang ditemukan
732,723,-,belum ada data yang ditemukan,belum ada data yang ditemukan
733,724,-,belum ada data yang ditemukan,belum ada data yang ditemukan
734,725,Ibu Hamil & Menyusui,Kontraindikasi,"Memiliki efek memengaruhi profil hormonal (androgenik). Pada hewan uji, terbukti dapat mengganggu keseimbangan hormon reproduksi dan berisiko merusak perkembangan organ kelamin janin."
735,726,-,belum ada data yang ditemukan,belum ada data yang ditemukan
736,727,-,belum ada data yang ditemukan,belum ada data yang ditemukan
737,728,-,belum ada data yang ditemukan,belum ada data yang ditemukan
738,729,-,belum ada data yang ditemukan,belum ada data yang ditemukan
739,730,-,belum ada data yang ditemukan,belum ada data yang ditemukan
740,731,-,belum ada data yang ditemukan,belum ada data yang ditemukan
741,732,-,belum ada data yang ditemukan,belum ada data yang ditemukan
742,733,-,belum ada data yang ditemukan,belum ada data yang ditemukan
743,734,-,belum ada data yang ditemukan,belum ada data yang ditemukan
744,735,-,belum ada data yang ditemukan,belum ada data yang ditemukan
745,736,-,belum ada data yang ditemukan,belum ada data yang ditemukan
746,737,-,belum ada data yang ditemukan,belum ada data yang ditemukan
747,738,-,belum ada data yang ditemukan,belum ada data yang ditemukan
748,739,-,belum ada data yang ditemukan,belum ada data yang ditemukan
749,740,-,belum ada data yang ditemukan,belum ada data yang ditemukan
750,741,-,belum ada data yang ditemukan,belum ada data yang ditemukan
751,742,-,belum ada data yang ditemukan,belum ada data yang ditemukan
752,743,-,belum ada data yang ditemukan,belum ada data yang ditemukan
753,744,-,belum ada data yang ditemukan,belum ada data yang ditemukan
754,745,-,belum ada data yang ditemukan,belum ada data yang ditemukan
755,746,-,belum ada data yang ditemukan,belum ada data yang ditemukan
756,747,-,belum ada data yang ditemukan,belum ada data yang ditemukan
757,748,-,belum ada data yang ditemukan,belum ada data yang ditemukan
758,749,-,belum ada data yang ditemukan,belum ada data yang ditemukan
759,750,Ibu Hamil,Kontraindikasi Fatal,Secara empiris dan literatur medis diakui memiliki efek sebagai emmenagogue kuat (peluruh menstruasi). Dapat merangsang otot rahim untuk berkontraksi dan secara signifikan memicu abortus (keguguran).
760,751,-,belum ada data yang ditemukan,belum ada data yang ditemukan
761,752,-,belum ada data yang ditemukan,belum ada data yang ditemukan
762,753,-,belum ada data yang ditemukan,belum ada data yang ditemukan
763,754,-,belum ada data yang ditemukan,belum ada data yang ditemukan
764,755,-,belum ada data yang ditemukan,belum ada data yang ditemukan
765,756,-,belum ada data yang ditemukan,belum ada data yang ditemukan
766,757,-,belum ada data yang ditemukan,belum ada data yang ditemukan
767,758,-,belum ada data yang ditemukan,belum ada data yang ditemukan
768,759,-,belum ada data yang ditemukan,belum ada data yang ditemukan
769,760,-,belum ada data yang ditemukan,belum ada data yang ditemukan
770,761,-,belum ada data yang ditemukan,belum ada data yang ditemukan
771,762,-,belum ada data yang ditemukan,belum ada data yang ditemukan
772,763,-,belum ada data yang ditemukan,belum ada data yang ditemukan
773,764,-,belum ada data yang ditemukan,belum ada data yang ditemukan
774,765,-,belum ada data yang ditemukan,belum ada data yang ditemukan
775,766,-,belum ada data yang ditemukan,belum ada data yang ditemukan
776,767,-,belum ada data yang ditemukan,belum ada data yang ditemukan
777,768,-,belum ada data yang ditemukan,belum ada data yang ditemukan
778,769,-,belum ada data yang ditemukan,belum ada data yang ditemukan
779,770,-,belum ada data yang ditemukan,belum ada data yang ditemukan
780,771,-,belum ada data yang ditemukan,belum ada data yang ditemukan
781,772,-,belum ada data yang ditemukan,belum ada data yang ditemukan
782,773,-,belum ada data yang ditemukan,belum ada data yang ditemukan
783,774,-,belum ada data yang ditemukan,belum ada data yang ditemukan
784,775,Ibu Hamil,Peringatan,Dapat menyebabkan fluktuasi gula darah yang ekstrem. Ibu hamil sangat rentan terhadap syok hipoglikemik atau gangguan metabolisme glukosa (diabetes gestasional) jika mengonsumsi ekstrak ini tanpa pengawasan.
785,776,-,belum ada data yang ditemukan,belum ada data yang ditemukan
786,777,-,belum ada data yang ditemukan,belum ada data yang ditemukan
787,778,-,belum ada data yang ditemukan,belum ada data yang ditemukan
788,779,-,belum ada data yang ditemukan,belum ada data yang ditemukan
789,780,-,belum ada data yang ditemukan,belum ada data yang ditemukan
790,781,-,belum ada data yang ditemukan,belum ada data yang ditemukan
791,782,-,belum ada data yang ditemukan,belum ada data yang ditemukan
792,783,-,belum ada data yang ditemukan,belum ada data yang ditemukan
793,784,-,belum ada data yang ditemukan,belum ada data yang ditemukan
794,785,-,belum ada data yang ditemukan,belum ada data yang ditemukan
795,786,-,belum ada data yang ditemukan,belum ada data yang ditemukan
796,787,-,belum ada data yang ditemukan,belum ada data yang ditemukan
797,788,-,belum ada data yang ditemukan,belum ada data yang ditemukan
798,789,-,belum ada data yang ditemukan,belum ada data yang ditemukan
799,790,Ibu Hamil,Peringatan Keras,Beberapa jurnal medis mencatat efek potensial sebagai emmenagogue (pelancar haid). Konsumsi ekstrak Boswellia berisiko menyebabkan pendarahan panggul atau membahayakan kehamilan di trimester pertama.
800,791,-,belum ada data yang ditemukan,belum ada data yang ditemukan
801,792,-,belum ada data yang ditemukan,belum ada data yang ditemukan
802,793,-,belum ada data yang ditemukan,belum ada data yang ditemukan
803,794,-,belum ada data yang ditemukan,belum ada data yang ditemukan
804,795,-,belum ada data yang ditemukan,belum ada data yang ditemukan
805,796,-,belum ada data yang ditemukan,belum ada data yang ditemukan
806,797,-,belum ada data yang ditemukan,belum ada data yang ditemukan
807,798,-,belum ada data yang ditemukan,belum ada data yang ditemukan
808,799,-,belum ada data yang ditemukan,belum ada data yang ditemukan
809,800,-,belum ada data yang ditemukan,belum ada data yang ditemukan
810,801,Ibu Hamil & Menyusui,Peringatan,"Secara tradisional digunakan untuk melancarkan ASI, namun data uji klinis modern yang memvalidasi keamanannya untuk janin dan bayi masih terbatas. Disarankan berkonsultasi dengan dokter."
811,802,-,belum ada data yang ditemukan,belum ada data yang ditemukan
812,803,-,belum ada data yang ditemukan,belum ada data yang ditemukan
813,804,-,belum ada data yang ditemukan,belum ada data yang ditemukan
814,805,-,belum ada data yang ditemukan,belum ada data yang ditemukan
815,806,-,belum ada data yang ditemukan,belum ada data yang ditemukan
816,807,-,belum ada data yang ditemukan,belum ada data yang ditemukan
817,808,-,belum ada data yang ditemukan,belum ada data yang ditemukan
818,809,-,belum ada data yang ditemukan,belum ada data yang ditemukan
819,810,-,belum ada data yang ditemukan,belum ada data yang ditemukan
820,811,-,belum ada data yang ditemukan,belum ada data yang ditemukan
821,812,-,belum ada data yang ditemukan,belum ada data yang ditemukan
822,813,-,belum ada data yang ditemukan,belum ada data yang ditemukan
823,814,-,belum ada data yang ditemukan,belum ada data yang ditemukan
824,815,Ibu Hamil,Kontraindikasi Fatal (Bagian Akar & Kulit Batang),Bagian akar dan kulit batang kelor mengandung alkaloid spirchin yang sangat kuat memicu kontraksi rahim (uterotonik) dan telah terbukti menyebabkan keguguran pada hewan uji. Hanya bagian daun yang terbukti aman dan bernutrisi.
825,816,-,belum ada data yang ditemukan,belum ada data yang ditemukan
826,817,-,belum ada data yang ditemukan,belum ada data yang ditemukan
827,818,-,belum ada data yang ditemukan,belum ada data yang ditemukan
828,819,-,belum ada data yang ditemukan,belum ada data yang ditemukan
829,820,-,belum ada data yang ditemukan,belum ada data yang ditemukan
830,821,-,belum ada data yang ditemukan,belum ada data yang ditemukan
831,822,-,belum ada data yang ditemukan,belum ada data yang ditemukan
832,823,-,belum ada data yang ditemukan,belum ada data yang ditemukan
833,824,-,belum ada data yang ditemukan,belum ada data yang ditemukan
834,825,-,belum ada data yang ditemukan,belum ada data yang ditemukan
835,826,-,belum ada data yang ditemukan,belum ada data yang ditemukan
836,827,-,belum ada data yang ditemukan,belum ada data yang ditemukan
837,828,-,belum ada data yang ditemukan,belum ada data yang ditemukan
838,829,-,belum ada data yang ditemukan,belum ada data yang ditemukan
839,830,Ibu Hamil,Aman Terbatas,"Jahe aman dan terbukti klinis efektif meredakan morning sickness (mual/muntah kehamilan), namun asupan maksimal dibatasi hingga 1 gram per hari untuk menghindari risiko pendarahan ringan."
840,831,-,belum ada data yang ditemukan,belum ada data yang ditemukan
841,832,-,belum ada data yang ditemukan,belum ada data yang ditemukan
842,833,-,belum ada data yang ditemukan,belum ada data yang ditemukan
843,834,-,belum ada data yang ditemukan,belum ada data yang ditemukan
844,835,-,belum ada data yang ditemukan,belum ada data yang ditemukan
845,836,-,belum ada data yang ditemukan,belum ada data yang ditemukan
846,837,-,belum ada data yang ditemukan,belum ada data yang ditemukan
847,838,-,belum ada data yang ditemukan,belum ada data yang ditemukan
848,839,-,belum ada data yang ditemukan,belum ada data yang ditemukan
849,840,-,belum ada data yang ditemukan,belum ada data yang ditemukan
850,841,-,belum ada data yang ditemukan,belum ada data yang ditemukan
851,842,-,belum ada data yang ditemukan,belum ada data yang ditemukan
852,843,-,belum ada data yang ditemukan,belum ada data yang ditemukan
853,844,-,belum ada data yang ditemukan,belum ada data yang ditemukan
854,845,Ibu Hamil,Peringatan Keras,Beberapa jurnal fitoterapi mencatat bahwa ekstrak pegagan dapat bertindak sebagai emmenagogue (pelancar haid) yang dikhawatirkan dapat memicu peluruhan dinding rahim atau keguguran.
855,846,-,belum ada data yang ditemukan,belum ada data yang ditemukan
856,847,-,belum ada data yang ditemukan,belum ada data yang ditemukan
857,848,-,belum ada data yang ditemukan,belum ada data yang ditemukan
858,849,-,belum ada data yang ditemukan,belum ada data yang ditemukan
859,850,-,belum ada data yang ditemukan,belum ada data yang ditemukan
860,851,-,belum ada data yang ditemukan,belum ada data yang ditemukan
861,852,-,belum ada data yang ditemukan,belum ada data yang ditemukan
862,853,-,belum ada data yang ditemukan,belum ada data yang ditemukan
863,854,-,belum ada data yang ditemukan,belum ada data yang ditemukan
864,855,-,belum ada data yang ditemukan,belum ada data yang ditemukan
865,856,-,belum ada data yang ditemukan,belum ada data yang ditemukan
866,857,-,belum ada data yang ditemukan,belum ada data yang ditemukan
867,858,-,belum ada data yang ditemukan,belum ada data yang ditemukan
868,859,-,belum ada data yang ditemukan,belum ada data yang ditemukan
869,860,Anak-anak (Di bawah 12 Tahun),Kontraindikasi Mayor,"Sifat laksatif stimulan (antrakuinon) dari daun senna terlalu keras dan merusak untuk usus anak. Berisiko menyebabkan kram ekstrem, dehidrasi, dan kehilangan kalium secara fatal."
870,861,-,belum ada data yang ditemukan,belum ada data yang ditemukan
871,862,-,belum ada data yang ditemukan,belum ada data yang ditemukan
872,863,-,belum ada data yang ditemukan,belum ada data yang ditemukan
873,864,-,belum ada data yang ditemukan,belum ada data yang ditemukan
874,865,-,belum ada data yang ditemukan,belum ada data yang ditemukan
875,866,-,belum ada data yang ditemukan,belum ada data yang ditemukan
876,867,-,belum ada data yang ditemukan,belum ada data yang ditemukan
877,868,-,belum ada data yang ditemukan,belum ada data yang ditemukan
878,869,-,belum ada data yang ditemukan,belum ada data yang ditemukan
879,870,-,belum ada data yang ditemukan,belum ada data yang ditemukan
880,871,-,belum ada data yang ditemukan,belum ada data yang ditemukan
881,872,-,belum ada data yang ditemukan,belum ada data yang ditemukan
882,873,-,belum ada data yang ditemukan,belum ada data yang ditemukan
883,874,-,belum ada data yang ditemukan,belum ada data yang ditemukan
884,875,Ibu Hamil,Peringatan,"Dalam takaran bumbu makanan aman, namun ekstrak dosis terapeutik (tinggi piperine) dapat menyebabkan iritasi lambung akut, dan secara historis pernah digunakan dalam dosis ekstrem sebagai agen abortifacient pada beberapa budaya."
885,876,-,belum ada data yang ditemukan,belum ada data yang ditemukan
886,877,-,belum ada data yang ditemukan,belum ada data yang ditemukan
887,878,-,belum ada data yang ditemukan,belum ada data yang ditemukan
888,879,-,belum ada data yang ditemukan,belum ada data yang ditemukan
889,880,-,belum ada data yang ditemukan,belum ada data yang ditemukan
890,881,-,belum ada data yang ditemukan,belum ada data yang ditemukan
891,882,-,belum ada data yang ditemukan,belum ada data yang ditemukan
892,883,-,belum ada data yang ditemukan,belum ada data yang ditemukan
893,884,-,belum ada data yang ditemukan,belum ada data yang ditemukan
894,885,-,belum ada data yang ditemukan,belum ada data yang ditemukan
895,886,-,belum ada data yang ditemukan,belum ada data yang ditemukan
896,887,-,belum ada data yang ditemukan,belum ada data yang ditemukan
897,888,-,belum ada data yang ditemukan,belum ada data yang ditemukan
898,889,-,belum ada data yang ditemukan,belum ada data yang ditemukan
899,890,Ibu Hamil,Kontraindikasi,Ekstrak dan minyak esensial jintan hitam dosis tinggi bertindak sebagai emmenagogue (merangsang haid) yang dapat memengaruhi tonus otot uterus dan memicu keguguran pada tahap awal kehamilan.
900,891,-,belum ada data yang ditemukan,belum ada data yang ditemukan
901,892,-,belum ada data yang ditemukan,belum ada data yang ditemukan
902,893,-,belum ada data yang ditemukan,belum ada data yang ditemukan
903,894,-,belum ada data yang ditemukan,belum ada data yang ditemukan
904,895,-,belum ada data yang ditemukan,belum ada data yang ditemukan
905,896,-,belum ada data yang ditemukan,belum ada data yang ditemukan
906,897,-,belum ada data yang ditemukan,belum ada data yang ditemukan
907,898,-,belum ada data yang ditemukan,belum ada data yang ditemukan
908,899,-,belum ada data yang ditemukan,belum ada data yang ditemukan
909,900,-,belum ada data yang ditemukan,belum ada data yang ditemukan
910,901,Ibu Hamil,Kontraindikasi Fatal,Sangat dilarang untuk ibu hamil. Ekstrak sambiloto terbukti secara ilmiah memiliki aktivitas abortifacient (penggugur kandungan) karena dapat menghentikan perkembangan trofoblas pada janin.
911,901,Ibu Menyusui,Kontraindikasi,"Senyawa aktif andrographolide dapat diekskresikan melalui ASI. Karena sifat imunostimulannya sangat kuat, dikhawatirkan dapat memicu reaksi tidak terduga pada sistem imun bayi yang masih berkembang."
912,902,-,belum ada data yang ditemukan,belum ada data yang ditemukan
913,903,-,belum ada data yang ditemukan,belum ada data yang ditemukan
914,904,-,belum ada data yang ditemukan,belum ada data yang ditemukan
915,905,-,belum ada data yang ditemukan,belum ada data yang ditemukan
916,906,-,belum ada data yang ditemukan,belum ada data yang ditemukan
917,907,-,belum ada data yang ditemukan,belum ada data yang ditemukan
918,908,-,belum ada data yang ditemukan,belum ada data yang ditemukan
919,909,-,belum ada data yang ditemukan,belum ada data yang ditemukan
920,910,-,belum ada data yang ditemukan,belum ada data yang ditemukan
921,911,-,belum ada data yang ditemukan,belum ada data yang ditemukan
922,912,-,belum ada data yang ditemukan,belum ada data yang ditemukan
923,913,-,belum ada data yang ditemukan,belum ada data yang ditemukan
924,914,-,belum ada data yang ditemukan,belum ada data yang ditemukan
925,915,Ibu Hamil & Anak-anak,Kontraindikasi Mayor,Kandungan alkaloid dan saponin yang sangat tinggi bersifat sitotoksik dan uterotonik. Dapat memicu kontraksi rahim parah pada ibu hamil serta keracunan sistemik pada anak-anak.
926,916,-,belum ada data yang ditemukan,belum ada data yang ditemukan
927,917,-,belum ada data yang ditemukan,belum ada data yang ditemukan
928,918,-,belum ada data yang ditemukan,belum ada data yang ditemukan
929,919,-,belum ada data yang ditemukan,belum ada data yang ditemukan
930,920,-,belum ada data yang ditemukan,belum ada data yang ditemukan
931,921,-,belum ada data yang ditemukan,belum ada data yang ditemukan
932,922,-,belum ada data yang ditemukan,belum ada data yang ditemukan
933,923,-,belum ada data yang ditemukan,belum ada data yang ditemukan
934,924,-,belum ada data yang ditemukan,belum ada data yang ditemukan
935,925,-,belum ada data yang ditemukan,belum ada data yang ditemukan
936,926,-,belum ada data yang ditemukan,belum ada data yang ditemukan
937,927,-,belum ada data yang ditemukan,belum ada data yang ditemukan
938,928,-,belum ada data yang ditemukan,belum ada data yang ditemukan
939,929,-,belum ada data yang ditemukan,belum ada data yang ditemukan
940,930,"Ibu Hamil, Menyusui, & Anak-anak",Peringatan Keras,Sangat mengganggu penyerapan nutrisi di usus akibat lapisan musilago (lendir) dan tanin. Kelompok rentan ini membutuhkan asupan gizi maksimal; pemakaian jati belanda berisiko memicu malnutrisi dan stunting.
941,931,-,belum ada data yang ditemukan,belum ada data yang ditemukan
942,932,-,belum ada data yang ditemukan,belum ada data yang ditemukan
943,933,-,belum ada data yang ditemukan,belum ada data yang ditemukan
944,934,-,belum ada data yang ditemukan,belum ada data yang ditemukan
945,935,-,belum ada data yang ditemukan,belum ada data yang ditemukan
946,936,-,belum ada data yang ditemukan,belum ada data yang ditemukan
947,937,-,belum ada data yang ditemukan,belum ada data yang ditemukan
948,938,-,belum ada data yang ditemukan,belum ada data yang ditemukan
949,939,-,belum ada data yang ditemukan,belum ada data yang ditemukan
950,940,-,belum ada data yang ditemukan,belum ada data yang ditemukan
951,941,-,belum ada data yang ditemukan,belum ada data yang ditemukan
952,942,-,belum ada data yang ditemukan,belum ada data yang ditemukan
953,943,-,belum ada data yang ditemukan,belum ada data yang ditemukan
954,944,-,belum ada data yang ditemukan,belum ada data yang ditemukan
955,945,-,belum ada data yang ditemukan,belum ada data yang ditemukan
956,946,-,belum ada data yang ditemukan,belum ada data yang ditemukan
957,947,-,belum ada data yang ditemukan,belum ada data yang ditemukan
958,948,-,belum ada data yang ditemukan,belum ada data yang ditemukan
959,949,-,belum ada data yang ditemukan,belum ada data yang ditemukan
960,950,Ibu Hamil,Peringatan,Rimpang bangle memiliki aktivitas yang dapat meningkatkan panas tubuh dan berpotensi merangsang rahim secara ringan. Sebaiknya dihindari terutama pada trimester pertama kehamilan.
961,951,-,belum ada data yang ditemukan,belum ada data yang ditemukan
962,952,-,belum ada data yang ditemukan,belum ada data yang ditemukan
963,953,-,belum ada data yang ditemukan,belum ada data yang ditemukan
964,954,-,belum ada data yang ditemukan,belum ada data yang ditemukan
965,955,-,belum ada data yang ditemukan,belum ada data yang ditemukan
966,956,-,belum ada data yang ditemukan,belum ada data yang ditemukan
967,957,-,belum ada data yang ditemukan,belum ada data yang ditemukan
968,958,-,belum ada data yang ditemukan,belum ada data yang ditemukan
969,959,-,belum ada data yang ditemukan,belum ada data yang ditemukan
970,960,-,belum ada data yang ditemukan,belum ada data yang ditemukan
971,961,-,belum ada data yang ditemukan,belum ada data yang ditemukan
972,962,-,belum ada data yang ditemukan,belum ada data yang ditemukan
973,963,-,belum ada data yang ditemukan,belum ada data yang ditemukan
974,964,-,belum ada data yang ditemukan,belum ada data yang ditemukan
975,965,-,belum ada data yang ditemukan,belum ada data yang ditemukan
976,966,-,belum ada data yang ditemukan,belum ada data yang ditemukan
977,967,-,belum ada data yang ditemukan,belum ada data yang ditemukan
978,968,-,belum ada data yang ditemukan,belum ada data yang ditemukan
979,969,-,belum ada data yang ditemukan,belum ada data yang ditemukan
980,970,-,belum ada data yang ditemukan,belum ada data yang ditemukan
981,971,-,belum ada data yang ditemukan,belum ada data yang ditemukan
982,972,-,belum ada data yang ditemukan,belum ada data yang ditemukan
983,973,-,belum ada data yang ditemukan,belum ada data yang ditemukan
984,974,-,belum ada data yang ditemukan,belum ada data yang ditemukan
985,975,Ibu Hamil,Kontraindikasi,"Banyak digunakan sebagai agen pengencang kewanitaan secara topikal. Jika digunakan secara oral/diminum, kadar astringen ekstremnya sangat berbahaya, memicu konstipasi hebat dan mengurangi asupan nutrisi bagi ibu hamil. Penggunaan intravaginal saat hamil juga memicu kontraksi."
986,976,-,belum ada data yang ditemukan,belum ada data yang ditemukan
987,977,-,belum ada data yang ditemukan,belum ada data yang ditemukan
988,978,-,belum ada data yang ditemukan,belum ada data yang ditemukan
989,979,-,belum ada data yang ditemukan,belum ada data yang ditemukan
990,980,-,belum ada data yang ditemukan,belum ada data yang ditemukan
991,981,-,belum ada data yang ditemukan,belum ada data yang ditemukan
992,982,-,belum ada data yang ditemukan,belum ada data yang ditemukan
993,983,-,belum ada data yang ditemukan,belum ada data yang ditemukan
994,984,-,belum ada data yang ditemukan,belum ada data yang ditemukan
995,985,-,belum ada data yang ditemukan,belum ada data yang ditemukan
996,986,-,belum ada data yang ditemukan,belum ada data yang ditemukan
997,987,-,belum ada data yang ditemukan,belum ada data yang ditemukan
998,988,-,belum ada data yang ditemukan,belum ada data yang ditemukan
999,989,-,belum ada data yang ditemukan,belum ada data yang ditemukan
1000,990,-,belum ada data yang ditemukan,belum ada data yang ditemukan
1001,991,-,belum ada data yang ditemukan,belum ada data yang ditemukan
1002,992,-,belum ada data yang ditemukan,belum ada data yang ditemukan
1003,993,-,belum ada data yang ditemukan,belum ada data yang ditemukan
1004,994,-,belum ada data yang ditemukan,belum ada data yang ditemukan
1005,995,-,belum ada data yang ditemukan,belum ada data yang ditemukan
1006,996,-,belum ada data yang ditemukan,belum ada data yang ditemukan
1007,997,-,belum ada data yang ditemukan,belum ada data yang ditemukan
1008,998,-,belum ada data yang ditemukan,belum ada data yang ditemukan
1009,999,-,belum ada data yang ditemukan,belum ada data yang ditemukan
1010,1000,-,belum ada data yang ditemukan,belum ada data yang ditemukan